prediction,image_loc,binary_prediction
0.5242741107940674,/mmfs1/home/users/oryan/Zoobot/data/training_cutouts/588848900438819110.png,1
0.49863219261169434,/mmfs1/home/users/oryan/Zoobot/data/training_cutouts/587725817483624650.png,0
0.48772042989730835,/mmfs1/home/users/oryan/Zoobot/data/training_cutouts/587734948593533080.png,0
0.48395684361457825,/mmfs1/home/users/oryan/Zoobot/data/training_cutouts/587730772804108549.png,0
0.4807663857936859,/mmfs1/home/users/oryan/Zoobot/data/training_cutouts/587729651810631989.png,0
0.4980531632900238,/mmfs1/home/users/oryan/Zoobot/data/training_cutouts/587729386599219420.png,0
0.4730896055698395,/mmfs1/home/users/oryan/Zoobot/data/training_cutouts/587736919437148564.png,0
0.47722822427749634,/mmfs1/home/users/oryan/Zoobot/data/training_cutouts/587726032768401708.png,0
0.5099882483482361,/mmfs1/home/users/oryan/Zoobot/data/training_cutouts/587739845916885097.png,1
0.46810382604599,/mmfs1/home/users/oryan/Zoobot/data/training_cutouts/588013382728876223.png,0
0.5109701156616211,/mmfs1/home/users/oryan/Zoobot/data/training_cutouts/587739130804568115.png,1
0.48868390917778015,/mmfs1/home/users/oryan/Zoobot/data/training_cutouts/587728308566098085.png,0
0.46784862875938416,/mmfs1/home/users/oryan/Zoobot/data/training_cutouts/587726031707701386.png,0
0.4606018364429474,/mmfs1/home/users/oryan/Zoobot/data/training_cutouts/587742013838721247.png,0
0.5029619932174683,/mmfs1/home/users/oryan/Zoobot/data/training_cutouts/587732770524954731.png,1
0.49606460332870483,/mmfs1/home/users/oryan/Zoobot/data/training_cutouts/587733080272994528.png,0
0.4816252291202545,/mmfs1/home/users/oryan/Zoobot/data/training_cutouts/587736812593807505.png,0
0.49271419644355774,/mmfs1/home/users/oryan/Zoobot/data/training_cutouts/587742576988454972.png,0
0.5082060694694519,/mmfs1/home/users/oryan/Zoobot/data/training_cutouts/587733442123989092.png,1
0.4881551265716553,/mmfs1/home/users/oryan/Zoobot/data/training_cutouts/587736753542135993.png,0
0.4738818407058716,/mmfs1/home/users/oryan/Zoobot/data/training_cutouts/587738947734274263.png,0
0.49728623032569885,/mmfs1/home/users/oryan/Zoobot/data/training_cutouts/587736541484875931.png,0
0.4843347370624542,/mmfs1/home/users/oryan/Zoobot/data/training_cutouts/587735743685263667.png,0
0.4590780436992645,/mmfs1/home/users/oryan/Zoobot/data/training_cutouts/587732484361355276.png,0
0.48977869749069214,/mmfs1/home/users/oryan/Zoobot/data/training_cutouts/587726014537466017.png,0
0.4650362730026245,/mmfs1/home/users/oryan/Zoobot/data/training_cutouts/587742061631897756.png,0
0.4919693171977997,/mmfs1/home/users/oryan/Zoobot/data/training_cutouts/587741534398185689.png,0
0.4882461428642273,/mmfs1/home/users/oryan/Zoobot/data/training_cutouts/588018253759250624.png,0
0.47107067704200745,/mmfs1/home/users/oryan/Zoobot/data/training_cutouts/587742061053542636.png,0
0.5001358389854431,/mmfs1/home/users/oryan/Zoobot/data/training_cutouts/587738196658815102.png,1
0.5102962255477905,/mmfs1/home/users/oryan/Zoobot/data/training_cutouts/587735489215004785.png,1
0.5116865634918213,/mmfs1/home/users/oryan/Zoobot/data/training_cutouts/588017728152993977.png,1
0.4986366331577301,/mmfs1/home/users/oryan/Zoobot/data/training_cutouts/587745539439263959.png,0
0.48007237911224365,/mmfs1/home/users/oryan/Zoobot/data/training_cutouts/587739157112422627.png,0
0.4734192192554474,/mmfs1/home/users/oryan/Zoobot/data/training_cutouts/588016840173420717.png,0
0.4907865524291992,/mmfs1/home/users/oryan/Zoobot/data/training_cutouts/587741601501806719.png,0
0.5182744264602661,/mmfs1/home/users/oryan/Zoobot/data/training_cutouts/587722981734613102.png,1
0.4797612428665161,/mmfs1/home/users/oryan/Zoobot/data/training_cutouts/587734622165926055.png,0
0.4815465211868286,/mmfs1/home/users/oryan/Zoobot/data/training_cutouts/588017720644731008.png,0
0.4823087453842163,/mmfs1/home/users/oryan/Zoobot/data/training_cutouts/587733604805836904.png,0
0.48948991298675537,/mmfs1/home/users/oryan/Zoobot/data/training_cutouts/587736782001144222.png,0
0.4882247745990753,/mmfs1/home/users/oryan/Zoobot/data/training_cutouts/587741391571648681.png,0
0.485002338886261,/mmfs1/home/users/oryan/Zoobot/data/training_cutouts/587730773884010720.png,0
0.4685443937778473,/mmfs1/home/users/oryan/Zoobot/data/training_cutouts/587725040100180165.png,0
0.4994126260280609,/mmfs1/home/users/oryan/Zoobot/data/training_cutouts/587739608640389296.png,0
0.4729854166507721,/mmfs1/home/users/oryan/Zoobot/data/training_cutouts/587735431231570090.png,0
0.4713824391365051,/mmfs1/home/users/oryan/Zoobot/data/training_cutouts/587732135386677351.png,0
0.4773593842983246,/mmfs1/home/users/oryan/Zoobot/data/training_cutouts/587742062681129161.png,0
0.479434609413147,/mmfs1/home/users/oryan/Zoobot/data/training_cutouts/588015508208156955.png,0
0.4916573166847229,/mmfs1/home/users/oryan/Zoobot/data/training_cutouts/587741727650152687.png,0
0.487169474363327,/mmfs1/home/users/oryan/Zoobot/data/training_cutouts/588009372835184839.png,0
0.5023285746574402,/mmfs1/home/users/oryan/Zoobot/data/training_cutouts/587732770510995594.png,1
0.49501147866249084,/mmfs1/home/users/oryan/Zoobot/data/training_cutouts/587732703388565754.png,0
0.4911805987358093,/mmfs1/home/users/oryan/Zoobot/data/training_cutouts/587732154182533264.png,0
0.5149803161621094,/mmfs1/home/users/oryan/Zoobot/data/training_cutouts/588017627245510827.png,1
0.45999330282211304,/mmfs1/home/users/oryan/Zoobot/data/training_cutouts/587725588771569826.png,0
0.46106746792793274,/mmfs1/home/users/oryan/Zoobot/data/training_cutouts/587736584961261713.png,0
0.5202117562294006,/mmfs1/home/users/oryan/Zoobot/data/training_cutouts/587730815748473084.png,1
0.4749554991722107,/mmfs1/home/users/oryan/Zoobot/data/training_cutouts/587735744229605738.png,0
0.510193943977356,/mmfs1/home/users/oryan/Zoobot/data/training_cutouts/587739153355112687.png,1
0.4684884548187256,/mmfs1/home/users/oryan/Zoobot/data/training_cutouts/587742577534107833.png,0
0.45360705256462097,/mmfs1/home/users/oryan/Zoobot/data/training_cutouts/587738565482709284.png,0
0.4745940864086151,/mmfs1/home/users/oryan/Zoobot/data/training_cutouts/588018055116947657.png,0
0.4727897346019745,/mmfs1/home/users/oryan/Zoobot/data/training_cutouts/587729781201043941.png,0
0.49729907512664795,/mmfs1/home/users/oryan/Zoobot/data/training_cutouts/587736941446234298.png,0
0.515884518623352,/mmfs1/home/users/oryan/Zoobot/data/training_cutouts/588010136266211490.png,1
0.4991621673107147,/mmfs1/home/users/oryan/Zoobot/data/training_cutouts/588848900440785112.png,0
0.4828473925590515,/mmfs1/home/users/oryan/Zoobot/data/training_cutouts/588017728691765373.png,0
0.4749985933303833,/mmfs1/home/users/oryan/Zoobot/data/training_cutouts/587727226232373287.png,0
0.5121502876281738,/mmfs1/home/users/oryan/Zoobot/data/training_cutouts/587726032247062687.png,1
0.4888940155506134,/mmfs1/home/users/oryan/Zoobot/data/training_cutouts/588013383278854306.png,0
0.4694821834564209,/mmfs1/home/users/oryan/Zoobot/data/training_cutouts/588010878228037754.png,0
0.4685809314250946,/mmfs1/home/users/oryan/Zoobot/data/training_cutouts/587741533316644952.png,0
0.4979954659938812,/mmfs1/home/users/oryan/Zoobot/data/training_cutouts/587742551753294056.png,0
0.46504539251327515,/mmfs1/home/users/oryan/Zoobot/data/training_cutouts/587731511536255189.png,0
0.4850859045982361,/mmfs1/home/users/oryan/Zoobot/data/training_cutouts/587742014880940278.png,0
0.5088463425636292,/mmfs1/home/users/oryan/Zoobot/data/training_cutouts/587729232514253002.png,1
0.5089033842086792,/mmfs1/home/users/oryan/Zoobot/data/training_cutouts/588298663585317132.png,1
0.4694831669330597,/mmfs1/home/users/oryan/Zoobot/data/training_cutouts/587724233176580158.png,0
0.49361035227775574,/mmfs1/home/users/oryan/Zoobot/data/training_cutouts/587739646735024287.png,0
0.49584174156188965,/mmfs1/home/users/oryan/Zoobot/data/training_cutouts/587730816828178569.png,0
0.49641233682632446,/mmfs1/home/users/oryan/Zoobot/data/training_cutouts/587738947217588348.png,0
0.4929839074611664,/mmfs1/home/users/oryan/Zoobot/data/training_cutouts/587732592257073257.png,0
0.4925174117088318,/mmfs1/home/users/oryan/Zoobot/data/training_cutouts/587745244692283695.png,0
0.493142306804657,/mmfs1/home/users/oryan/Zoobot/data/training_cutouts/587727221414101152.png,0
0.4773298501968384,/mmfs1/home/users/oryan/Zoobot/data/training_cutouts/587732483288793269.png,0
0.5282087326049805,/mmfs1/home/users/oryan/Zoobot/data/training_cutouts/587742629066309823.png,1
0.5255542993545532,/mmfs1/home/users/oryan/Zoobot/data/training_cutouts/588017567095586930.png,1
0.48536232113838196,/mmfs1/home/users/oryan/Zoobot/data/training_cutouts/587736541480943899.png,0
0.46912458539009094,/mmfs1/home/users/oryan/Zoobot/data/training_cutouts/587739407832121691.png,0
0.46843627095222473,/mmfs1/home/users/oryan/Zoobot/data/training_cutouts/587734622708629611.png,0
0.49935710430145264,/mmfs1/home/users/oryan/Zoobot/data/training_cutouts/587731514230964398.png,0
0.4893890619277954,/mmfs1/home/users/oryan/Zoobot/data/training_cutouts/587738946147254389.png,0
0.5132565498352051,/mmfs1/home/users/oryan/Zoobot/data/training_cutouts/587742627446063304.png,1
0.47044306993484497,/mmfs1/home/users/oryan/Zoobot/data/training_cutouts/587741709413056669.png,0
0.5157932639122009,/mmfs1/home/users/oryan/Zoobot/data/training_cutouts/587736753003692327.png,1
0.4772723317146301,/mmfs1/home/users/oryan/Zoobot/data/training_cutouts/587728932409442608.png,0
0.48417696356773376,/mmfs1/home/users/oryan/Zoobot/data/training_cutouts/587741707798708348.png,0
0.47803643345832825,/mmfs1/home/users/oryan/Zoobot/data/training_cutouts/587725470133977250.png,0
0.4652511179447174,/mmfs1/home/users/oryan/Zoobot/data/training_cutouts/588007005271425130.png,0
0.4774649143218994,/mmfs1/home/users/oryan/Zoobot/data/training_cutouts/587731868023128196.png,0
0.49905598163604736,/mmfs1/home/users/oryan/Zoobot/data/training_cutouts/587739303149961431.png,0
0.5157312750816345,/mmfs1/home/users/oryan/Zoobot/data/training_cutouts/587738952562901076.png,1
0.4766308069229126,/mmfs1/home/users/oryan/Zoobot/data/training_cutouts/587736478134697989.png,0
0.47686073184013367,/mmfs1/home/users/oryan/Zoobot/data/training_cutouts/587735665840816259.png,0
0.5031529664993286,/mmfs1/home/users/oryan/Zoobot/data/training_cutouts/588013384349974758.png,1
0.5100231766700745,/mmfs1/home/users/oryan/Zoobot/data/training_cutouts/587741726575820892.png,1
0.4556278586387634,/mmfs1/home/users/oryan/Zoobot/data/training_cutouts/587736781993935185.png,0
0.47891947627067566,/mmfs1/home/users/oryan/Zoobot/data/training_cutouts/588010358547873983.png,0
0.49996399879455566,/mmfs1/home/users/oryan/Zoobot/data/training_cutouts/588010877956980914.png,0
0.4683746099472046,/mmfs1/home/users/oryan/Zoobot/data/training_cutouts/587726033847976031.png,0
0.5183968544006348,/mmfs1/home/users/oryan/Zoobot/data/training_cutouts/587735664765567082.png,1
0.49732255935668945,/mmfs1/home/users/oryan/Zoobot/data/training_cutouts/587736807225163841.png,0
0.4993843138217926,/mmfs1/home/users/oryan/Zoobot/data/training_cutouts/588023238597542049.png,0
0.4901427626609802,/mmfs1/home/users/oryan/Zoobot/data/training_cutouts/587741391571583161.png,0
0.46945106983184814,/mmfs1/home/users/oryan/Zoobot/data/training_cutouts/587731187268780352.png,0
0.4704987108707428,/mmfs1/home/users/oryan/Zoobot/data/training_cutouts/587742062119158386.png,0
0.48665204644203186,/mmfs1/home/users/oryan/Zoobot/data/training_cutouts/587735665854316701.png,0
0.4901141822338104,/mmfs1/home/users/oryan/Zoobot/data/training_cutouts/587741710496825500.png,0
0.4965810775756836,/mmfs1/home/users/oryan/Zoobot/data/training_cutouts/587741727115837639.png,0
0.4882473051548004,/mmfs1/home/users/oryan/Zoobot/data/training_cutouts/587730773351006427.png,0
0.5265384316444397,/mmfs1/home/users/oryan/Zoobot/data/training_cutouts/588010879834914904.png,1
0.520587146282196,/mmfs1/home/users/oryan/Zoobot/data/training_cutouts/587729772071420183.png,1
0.46339744329452515,/mmfs1/home/users/oryan/Zoobot/data/training_cutouts/587732154178601141.png,0
0.46551281213760376,/mmfs1/home/users/oryan/Zoobot/data/training_cutouts/587734862684225795.png,0
0.46933287382125854,/mmfs1/home/users/oryan/Zoobot/data/training_cutouts/587739096446074896.png,0
0.5061193704605103,/mmfs1/home/users/oryan/Zoobot/data/training_cutouts/587734949666685078.png,1
0.4740675389766693,/mmfs1/home/users/oryan/Zoobot/data/training_cutouts/587728679004209235.png,0
0.4979235827922821,/mmfs1/home/users/oryan/Zoobot/data/training_cutouts/588010880371589240.png,0
0.5109080672264099,/mmfs1/home/users/oryan/Zoobot/data/training_cutouts/587722981752438931.png,1
0.47692635655403137,/mmfs1/home/users/oryan/Zoobot/data/training_cutouts/588023045862195427.png,0
0.47329625487327576,/mmfs1/home/users/oryan/Zoobot/data/training_cutouts/587726016148078715.png,0
0.46690428256988525,/mmfs1/home/users/oryan/Zoobot/data/training_cutouts/587745539982950620.png,0
0.4751875400543213,/mmfs1/home/users/oryan/Zoobot/data/training_cutouts/587732151497064554.png,0
0.4906199276447296,/mmfs1/home/users/oryan/Zoobot/data/training_cutouts/587736976343761077.png,0
0.49658113718032837,/mmfs1/home/users/oryan/Zoobot/data/training_cutouts/588017113980076132.png,0
0.467199444770813,/mmfs1/home/users/oryan/Zoobot/data/training_cutouts/587738617020285019.png,0
0.4890771508216858,/mmfs1/home/users/oryan/Zoobot/data/training_cutouts/588010358528213133.png,0
0.4590056240558624,/mmfs1/home/users/oryan/Zoobot/data/training_cutouts/587735742612308264.png,0
0.5055634379386902,/mmfs1/home/users/oryan/Zoobot/data/training_cutouts/587722981738348675.png,1
0.5146862864494324,/mmfs1/home/users/oryan/Zoobot/data/training_cutouts/587741391575122131.png,1
0.4634377956390381,/mmfs1/home/users/oryan/Zoobot/data/training_cutouts/587739098067239063.png,0
0.48743146657943726,/mmfs1/home/users/oryan/Zoobot/data/training_cutouts/587724233712402605.png,0
0.4858723282814026,/mmfs1/home/users/oryan/Zoobot/data/training_cutouts/587741603109667069.png,0
0.4905417859554291,/mmfs1/home/users/oryan/Zoobot/data/training_cutouts/587724198815465667.png,0
0.5485398173332214,/mmfs1/home/users/oryan/Zoobot/data/training_cutouts/587736916758692252.png,1
0.5377490520477295,/mmfs1/home/users/oryan/Zoobot/data/training_cutouts/588017109679341637.png,1
0.4751281440258026,/mmfs1/home/users/oryan/Zoobot/data/training_cutouts/587726033307042207.png,0
0.5060396194458008,/mmfs1/home/users/oryan/Zoobot/data/training_cutouts/588017605236228403.png,1
0.496344655752182,/mmfs1/home/users/oryan/Zoobot/data/training_cutouts/587729387152801870.png,0
0.4870406985282898,/mmfs1/home/users/oryan/Zoobot/data/training_cutouts/587729409688797435.png,0
0.45795655250549316,/mmfs1/home/users/oryan/Zoobot/data/training_cutouts/587731869094117393.png,0
0.4681864082813263,/mmfs1/home/users/oryan/Zoobot/data/training_cutouts/587739304218001588.png,0
0.47096773982048035,/mmfs1/home/users/oryan/Zoobot/data/training_cutouts/588010877689725064.png,0
0.4786494970321655,/mmfs1/home/users/oryan/Zoobot/data/training_cutouts/587736584434024646.png,0
0.5260186195373535,/mmfs1/home/users/oryan/Zoobot/data/training_cutouts/587732772116758696.png,1
0.4639883041381836,/mmfs1/home/users/oryan/Zoobot/data/training_cutouts/587741386736468071.png,0
0.4886271357536316,/mmfs1/home/users/oryan/Zoobot/data/training_cutouts/588011123582894196.png,0
0.5133455395698547,/mmfs1/home/users/oryan/Zoobot/data/training_cutouts/587739407835070733.png,1
0.4714861512184143,/mmfs1/home/users/oryan/Zoobot/data/training_cutouts/587735348037746814.png,0
0.4814562201499939,/mmfs1/home/users/oryan/Zoobot/data/training_cutouts/587735343726330002.png,0
0.49765923619270325,/mmfs1/home/users/oryan/Zoobot/data/training_cutouts/587725470135353560.png,0
0.4653874635696411,/mmfs1/home/users/oryan/Zoobot/data/training_cutouts/587738615414194228.png,0
0.49194517731666565,/mmfs1/home/users/oryan/Zoobot/data/training_cutouts/588017569776795757.png,0
0.5007566809654236,/mmfs1/home/users/oryan/Zoobot/data/training_cutouts/587742901789327506.png,1
0.4740975499153137,/mmfs1/home/users/oryan/Zoobot/data/training_cutouts/588017604138238042.png,0
0.5159604549407959,/mmfs1/home/users/oryan/Zoobot/data/training_cutouts/587745539444965641.png,1
0.47625094652175903,/mmfs1/home/users/oryan/Zoobot/data/training_cutouts/587734891683119225.png,0
0.4902363121509552,/mmfs1/home/users/oryan/Zoobot/data/training_cutouts/587732703406719247.png,0
0.46775004267692566,/mmfs1/home/users/oryan/Zoobot/data/training_cutouts/587741722289635457.png,0
0.46435537934303284,/mmfs1/home/users/oryan/Zoobot/data/training_cutouts/588007005773693134.png,0
0.4758756160736084,/mmfs1/home/users/oryan/Zoobot/data/training_cutouts/587739406246608949.png,0
0.4663524925708771,/mmfs1/home/users/oryan/Zoobot/data/training_cutouts/588007005236494569.png,0
0.47336894273757935,/mmfs1/home/users/oryan/Zoobot/data/training_cutouts/587725992503673201.png,0
0.4764304459095001,/mmfs1/home/users/oryan/Zoobot/data/training_cutouts/587742578050859240.png,0
0.4826580286026001,/mmfs1/home/users/oryan/Zoobot/data/training_cutouts/588013381664768157.png,0
0.5375075340270996,/mmfs1/home/users/oryan/Zoobot/data/training_cutouts/587735696983851089.png,1
0.46527430415153503,/mmfs1/home/users/oryan/Zoobot/data/training_cutouts/587725551739142300.png,0
0.48490431904792786,/mmfs1/home/users/oryan/Zoobot/data/training_cutouts/587735348028178635.png,0
0.4835885763168335,/mmfs1/home/users/oryan/Zoobot/data/training_cutouts/587726877813768438.png,0
0.47313833236694336,/mmfs1/home/users/oryan/Zoobot/data/training_cutouts/588015509282684964.png,0
0.4937700629234314,/mmfs1/home/users/oryan/Zoobot/data/training_cutouts/587726014006362272.png,0
0.46593204140663147,/mmfs1/home/users/oryan/Zoobot/data/training_cutouts/587742865815896113.png,0
0.5060467720031738,/mmfs1/home/users/oryan/Zoobot/data/training_cutouts/588017990161924323.png,1
0.48255911469459534,/mmfs1/home/users/oryan/Zoobot/data/training_cutouts/588017977810944152.png,0
0.499226450920105,/mmfs1/home/users/oryan/Zoobot/data/training_cutouts/587741724974841954.png,0
0.46945086121559143,/mmfs1/home/users/oryan/Zoobot/data/training_cutouts/587742015433146496.png,0
0.4605084955692291,/mmfs1/home/users/oryan/Zoobot/data/training_cutouts/587742550689317074.png,0
0.5220643281936646,/mmfs1/home/users/oryan/Zoobot/data/training_cutouts/587738409261793454.png,1
0.5027713775634766,/mmfs1/home/users/oryan/Zoobot/data/training_cutouts/588295840713277559.png,1
0.46408477425575256,/mmfs1/home/users/oryan/Zoobot/data/training_cutouts/588016841248211210.png,0
0.47507691383361816,/mmfs1/home/users/oryan/Zoobot/data/training_cutouts/587739809947844688.png,0
0.46565014123916626,/mmfs1/home/users/oryan/Zoobot/data/training_cutouts/588016890632601723.png,0
0.48619988560676575,/mmfs1/home/users/oryan/Zoobot/data/training_cutouts/587736584975351901.png,0
0.4895366430282593,/mmfs1/home/users/oryan/Zoobot/data/training_cutouts/587729388227264592.png,0
0.48964887857437134,/mmfs1/home/users/oryan/Zoobot/data/training_cutouts/588017703994327204.png,0
0.5168310403823853,/mmfs1/home/users/oryan/Zoobot/data/training_cutouts/587731870708727921.png,1
0.4853256940841675,/mmfs1/home/users/oryan/Zoobot/data/training_cutouts/587729153598226542.png,0
0.49646899104118347,/mmfs1/home/users/oryan/Zoobot/data/training_cutouts/587733440514556176.png,0
0.4968893826007843,/mmfs1/home/users/oryan/Zoobot/data/training_cutouts/588023240744173733.png,0
0.46447181701660156,/mmfs1/home/users/oryan/Zoobot/data/training_cutouts/588007005236232352.png,0
0.5154919624328613,/mmfs1/home/users/oryan/Zoobot/data/training_cutouts/587741817307791601.png,1
0.4623504877090454,/mmfs1/home/users/oryan/Zoobot/data/training_cutouts/587725775602909489.png,0
0.48766860365867615,/mmfs1/home/users/oryan/Zoobot/data/training_cutouts/587739131347271823.png,0
0.49569734930992126,/mmfs1/home/users/oryan/Zoobot/data/training_cutouts/588015507682885770.png,0
0.4923718273639679,/mmfs1/home/users/oryan/Zoobot/data/training_cutouts/587736542018601139.png,0
0.48250409960746765,/mmfs1/home/users/oryan/Zoobot/data/training_cutouts/587730818436104315.png,0
0.4625374972820282,/mmfs1/home/users/oryan/Zoobot/data/training_cutouts/587722982829785344.png,0
0.47240251302719116,/mmfs1/home/users/oryan/Zoobot/data/training_cutouts/587741815176429702.png,0
0.48913639783859253,/mmfs1/home/users/oryan/Zoobot/data/training_cutouts/587729778518393061.png,0
0.4957207441329956,/mmfs1/home/users/oryan/Zoobot/data/training_cutouts/588017978917191916.png,0
0.47306543588638306,/mmfs1/home/users/oryan/Zoobot/data/training_cutouts/587739096982290528.png,0
0.4787200689315796,/mmfs1/home/users/oryan/Zoobot/data/training_cutouts/587742014357504169.png,0
0.49941977858543396,/mmfs1/home/users/oryan/Zoobot/data/training_cutouts/587734622172807244.png,0
0.46796491742134094,/mmfs1/home/users/oryan/Zoobot/data/training_cutouts/587729751132143904.png,0
0.47090837359428406,/mmfs1/home/users/oryan/Zoobot/data/training_cutouts/588015510352625787.png,0
0.46486717462539673,/mmfs1/home/users/oryan/Zoobot/data/training_cutouts/587732703388106828.png,0
0.4995989501476288,/mmfs1/home/users/oryan/Zoobot/data/training_cutouts/587741421099942051.png,0
0.48581811785697937,/mmfs1/home/users/oryan/Zoobot/data/training_cutouts/588017625085182110.png,0
0.4937126338481903,/mmfs1/home/users/oryan/Zoobot/data/training_cutouts/587733410984558760.png,0
0.4749954640865326,/mmfs1/home/users/oryan/Zoobot/data/training_cutouts/587728670414274851.png,0
0.45808619260787964,/mmfs1/home/users/oryan/Zoobot/data/training_cutouts/587728880331784499.png,0
0.5086169242858887,/mmfs1/home/users/oryan/Zoobot/data/training_cutouts/588010878758223953.png,1
0.48415249586105347,/mmfs1/home/users/oryan/Zoobot/data/training_cutouts/587733432459264328.png,0
0.483764111995697,/mmfs1/home/users/oryan/Zoobot/data/training_cutouts/588017948830335149.png,0
0.4893754720687866,/mmfs1/home/users/oryan/Zoobot/data/training_cutouts/587745244165898329.png,0
0.4828142523765564,/mmfs1/home/users/oryan/Zoobot/data/training_cutouts/587733398102802529.png,0
0.48911044001579285,/mmfs1/home/users/oryan/Zoobot/data/training_cutouts/587744874790387874.png,0
0.507233738899231,/mmfs1/home/users/oryan/Zoobot/data/training_cutouts/587739845388730634.png,1
0.4716885983943939,/mmfs1/home/users/oryan/Zoobot/data/training_cutouts/587742014885855384.png,0
0.4707672894001007,/mmfs1/home/users/oryan/Zoobot/data/training_cutouts/587739811571958120.png,0
0.4762354791164398,/mmfs1/home/users/oryan/Zoobot/data/training_cutouts/587741708860522528.png,0
0.4726554751396179,/mmfs1/home/users/oryan/Zoobot/data/training_cutouts/588009370151813324.png,0
0.5035337805747986,/mmfs1/home/users/oryan/Zoobot/data/training_cutouts/587738574068252862.png,1
0.511574923992157,/mmfs1/home/users/oryan/Zoobot/data/training_cutouts/587731868024111184.png,1
0.5279341340065002,/mmfs1/home/users/oryan/Zoobot/data/training_cutouts/587741722825523214.png,1
0.518653154373169,/mmfs1/home/users/oryan/Zoobot/data/training_cutouts/587741722825523369.png,1
0.5020161271095276,/mmfs1/home/users/oryan/Zoobot/data/training_cutouts/587731521199079689.png,1
0.4898832440376282,/mmfs1/home/users/oryan/Zoobot/data/training_cutouts/587725040093757585.png,0
0.526694118976593,/mmfs1/home/users/oryan/Zoobot/data/training_cutouts/587739096985698388.png,1
0.48771294951438904,/mmfs1/home/users/oryan/Zoobot/data/training_cutouts/587739707421622606.png,0
0.48289230465888977,/mmfs1/home/users/oryan/Zoobot/data/training_cutouts/587729226609328286.png,0
0.47322362661361694,/mmfs1/home/users/oryan/Zoobot/data/training_cutouts/588017567634555003.png,0
0.47392725944519043,/mmfs1/home/users/oryan/Zoobot/data/training_cutouts/588017977836765403.png,0
0.5164142847061157,/mmfs1/home/users/oryan/Zoobot/data/training_cutouts/587742577533321336.png,1
0.49318957328796387,/mmfs1/home/users/oryan/Zoobot/data/training_cutouts/587730021725176019.png,0
0.5071045160293579,/mmfs1/home/users/oryan/Zoobot/data/training_cutouts/587725818026000492.png,1
0.5014889240264893,/mmfs1/home/users/oryan/Zoobot/data/training_cutouts/588017949888741505.png,1
0.46481388807296753,/mmfs1/home/users/oryan/Zoobot/data/training_cutouts/587734622703255852.png,0
0.4787087142467499,/mmfs1/home/users/oryan/Zoobot/data/training_cutouts/587736940914147342.png,0
0.5053855776786804,/mmfs1/home/users/oryan/Zoobot/data/training_cutouts/587732770520039604.png,1
0.5035730600357056,/mmfs1/home/users/oryan/Zoobot/data/training_cutouts/587738411396432015.png,1
0.498565673828125,/mmfs1/home/users/oryan/Zoobot/data/training_cutouts/587736525907099802.png,0
0.4717627167701721,/mmfs1/home/users/oryan/Zoobot/data/training_cutouts/587736584427995420.png,0
0.47260811924934387,/mmfs1/home/users/oryan/Zoobot/data/training_cutouts/587742576451911833.png,0
0.5046170353889465,/mmfs1/home/users/oryan/Zoobot/data/training_cutouts/587738570856071265.png,1
0.49551916122436523,/mmfs1/home/users/oryan/Zoobot/data/training_cutouts/587733398109421628.png,0
0.5060283541679382,/mmfs1/home/users/oryan/Zoobot/data/training_cutouts/587729408073728147.png,1
0.4801383316516876,/mmfs1/home/users/oryan/Zoobot/data/training_cutouts/588013383280165069.png,0
0.47253715991973877,/mmfs1/home/users/oryan/Zoobot/data/training_cutouts/588023722317905961.png,0
0.4842943549156189,/mmfs1/home/users/oryan/Zoobot/data/training_cutouts/587736915151946173.png,0
0.4979808032512665,/mmfs1/home/users/oryan/Zoobot/data/training_cutouts/588010878233083994.png,0
0.5073081851005554,/mmfs1/home/users/oryan/Zoobot/data/training_cutouts/587722984434434229.png,1
0.4651440978050232,/mmfs1/home/users/oryan/Zoobot/data/training_cutouts/587729158966280229.png,0
0.46940767765045166,/mmfs1/home/users/oryan/Zoobot/data/training_cutouts/587736914601443582.png,0
0.5184952020645142,/mmfs1/home/users/oryan/Zoobot/data/training_cutouts/587737826743812541.png,1
0.4786064922809601,/mmfs1/home/users/oryan/Zoobot/data/training_cutouts/588848898829516960.png,0
0.49148961901664734,/mmfs1/home/users/oryan/Zoobot/data/training_cutouts/587736942520500379.png,0
0.4729016125202179,/mmfs1/home/users/oryan/Zoobot/data/training_cutouts/587737810648170678.png,0
0.5100200176239014,/mmfs1/home/users/oryan/Zoobot/data/training_cutouts/588848899381264606.png,1
0.49280601739883423,/mmfs1/home/users/oryan/Zoobot/data/training_cutouts/588007005236232414.png,0
0.4929162263870239,/mmfs1/home/users/oryan/Zoobot/data/training_cutouts/588016878822228340.png,0
0.46449124813079834,/mmfs1/home/users/oryan/Zoobot/data/training_cutouts/587730847426151063.png,0
0.4705811142921448,/mmfs1/home/users/oryan/Zoobot/data/training_cutouts/587739651570073957.png,0
0.4920605421066284,/mmfs1/home/users/oryan/Zoobot/data/training_cutouts/588297863655129177.png,0
0.5011866688728333,/mmfs1/home/users/oryan/Zoobot/data/training_cutouts/587725589845115063.png,1
0.47046956419944763,/mmfs1/home/users/oryan/Zoobot/data/training_cutouts/588010358538698798.png,0
0.47064411640167236,/mmfs1/home/users/oryan/Zoobot/data/training_cutouts/587727221941076285.png,0
0.5032169818878174,/mmfs1/home/users/oryan/Zoobot/data/training_cutouts/587738568702689393.png,1
0.500403642654419,/mmfs1/home/users/oryan/Zoobot/data/training_cutouts/588297864728936582.png,1
0.48217472434043884,/mmfs1/home/users/oryan/Zoobot/data/training_cutouts/587737827282714972.png,0
0.4673272371292114,/mmfs1/home/users/oryan/Zoobot/data/training_cutouts/588017948812574873.png,0
0.4739692807197571,/mmfs1/home/users/oryan/Zoobot/data/training_cutouts/587727179548262549.png,0
0.4868215322494507,/mmfs1/home/users/oryan/Zoobot/data/training_cutouts/587737825673871436.png,0
0.4799116551876068,/mmfs1/home/users/oryan/Zoobot/data/training_cutouts/587739827130007681.png,0
0.5028994083404541,/mmfs1/home/users/oryan/Zoobot/data/training_cutouts/587732770521940124.png,1
0.4861229658126831,/mmfs1/home/users/oryan/Zoobot/data/training_cutouts/587732483277586681.png,0
0.5148387551307678,/mmfs1/home/users/oryan/Zoobot/data/training_cutouts/587738372207739228.png,1
0.482269823551178,/mmfs1/home/users/oryan/Zoobot/data/training_cutouts/588017704538996833.png,0
0.48620569705963135,/mmfs1/home/users/oryan/Zoobot/data/training_cutouts/587742189375651966.png,0
0.47264301776885986,/mmfs1/home/users/oryan/Zoobot/data/training_cutouts/587742572687261845.png,0
0.5005784630775452,/mmfs1/home/users/oryan/Zoobot/data/training_cutouts/588017725483385017.png,1
0.5188881158828735,/mmfs1/home/users/oryan/Zoobot/data/training_cutouts/587742573761921246.png,1
0.5143963098526001,/mmfs1/home/users/oryan/Zoobot/data/training_cutouts/587742865281581152.png,1
0.4975716471672058,/mmfs1/home/users/oryan/Zoobot/data/training_cutouts/587736525907689777.png,0
0.5112948417663574,/mmfs1/home/users/oryan/Zoobot/data/training_cutouts/587722983365083401.png,1
0.47784048318862915,/mmfs1/home/users/oryan/Zoobot/data/training_cutouts/587733080272404634.png,0
0.5167297720909119,/mmfs1/home/users/oryan/Zoobot/data/training_cutouts/587733079202136153.png,1
0.5148887634277344,/mmfs1/home/users/oryan/Zoobot/data/training_cutouts/587739407861153984.png,1
0.47494199872016907,/mmfs1/home/users/oryan/Zoobot/data/training_cutouts/588017112366252141.png,0
0.5176188349723816,/mmfs1/home/users/oryan/Zoobot/data/training_cutouts/587739630094319765.png,1
0.5253388285636902,/mmfs1/home/users/oryan/Zoobot/data/training_cutouts/587738568709046430.png,1
0.48695650696754456,/mmfs1/home/users/oryan/Zoobot/data/training_cutouts/587739608081956957.png,0
0.5034133791923523,/mmfs1/home/users/oryan/Zoobot/data/training_cutouts/587735695913910383.png,1
0.4887680113315582,/mmfs1/home/users/oryan/Zoobot/data/training_cutouts/587739132951920882.png,0
0.47114279866218567,/mmfs1/home/users/oryan/Zoobot/data/training_cutouts/588848899915448332.png,0
0.48151132464408875,/mmfs1/home/users/oryan/Zoobot/data/training_cutouts/587732469852078268.png,0
0.48017433285713196,/mmfs1/home/users/oryan/Zoobot/data/training_cutouts/587739407336013844.png,0
0.4818488657474518,/mmfs1/home/users/oryan/Zoobot/data/training_cutouts/587738570861510851.png,0
0.5252022743225098,/mmfs1/home/users/oryan/Zoobot/data/training_cutouts/587728669875569048.png,1
0.46144962310791016,/mmfs1/home/users/oryan/Zoobot/data/training_cutouts/587741390759985638.png,0
0.48979270458221436,/mmfs1/home/users/oryan/Zoobot/data/training_cutouts/587741490368807012.png,0
0.47730880975723267,/mmfs1/home/users/oryan/Zoobot/data/training_cutouts/587736808845803582.png,0
0.4545033276081085,/mmfs1/home/users/oryan/Zoobot/data/training_cutouts/587726033307238591.png,0
0.49498623609542847,/mmfs1/home/users/oryan/Zoobot/data/training_cutouts/588023239133036713.png,0
0.49903061985969543,/mmfs1/home/users/oryan/Zoobot/data/training_cutouts/587739708483240019.png,0
0.4844397306442261,/mmfs1/home/users/oryan/Zoobot/data/training_cutouts/587729231980462367.png,0
0.48793330788612366,/mmfs1/home/users/oryan/Zoobot/data/training_cutouts/587729752750096742.png,0
0.4910278022289276,/mmfs1/home/users/oryan/Zoobot/data/training_cutouts/587739407845294096.png,0
0.5070803761482239,/mmfs1/home/users/oryan/Zoobot/data/training_cutouts/587735666387714294.png,1
0.47277021408081055,/mmfs1/home/users/oryan/Zoobot/data/training_cutouts/587727227840561297.png,0
0.48392122983932495,/mmfs1/home/users/oryan/Zoobot/data/training_cutouts/587738409794273385.png,0
0.5053958296775818,/mmfs1/home/users/oryan/Zoobot/data/training_cutouts/587741829121310980.png,1
0.5188142657279968,/mmfs1/home/users/oryan/Zoobot/data/training_cutouts/588017991766638750.png,1
0.47272977232933044,/mmfs1/home/users/oryan/Zoobot/data/training_cutouts/587741600959103120.png,0
0.5089468359947205,/mmfs1/home/users/oryan/Zoobot/data/training_cutouts/587722983898742949.png,1
0.5065420866012573,/mmfs1/home/users/oryan/Zoobot/data/training_cutouts/587727178985635955.png,1
0.4849999248981476,/mmfs1/home/users/oryan/Zoobot/data/training_cutouts/587738948279992418.png,0
0.4674825668334961,/mmfs1/home/users/oryan/Zoobot/data/training_cutouts/587742550671818953.png,0
0.4762936234474182,/mmfs1/home/users/oryan/Zoobot/data/training_cutouts/588017627238760717.png,0
0.4802062511444092,/mmfs1/home/users/oryan/Zoobot/data/training_cutouts/588017949882318987.png,0
0.4961318373680115,/mmfs1/home/users/oryan/Zoobot/data/training_cutouts/587734305953153265.png,0
0.5017410516738892,/mmfs1/home/users/oryan/Zoobot/data/training_cutouts/587739608628330573.png,1
0.46747922897338867,/mmfs1/home/users/oryan/Zoobot/data/training_cutouts/587737810650595557.png,0
0.4865347146987915,/mmfs1/home/users/oryan/Zoobot/data/training_cutouts/587739376162046091.png,0
0.4758426249027252,/mmfs1/home/users/oryan/Zoobot/data/training_cutouts/587742616172691837.png,0
0.47621265053749084,/mmfs1/home/users/oryan/Zoobot/data/training_cutouts/587731870165369054.png,0
0.5026025176048279,/mmfs1/home/users/oryan/Zoobot/data/training_cutouts/587731891650560097.png,1
0.5387665629386902,/mmfs1/home/users/oryan/Zoobot/data/training_cutouts/587732772128161947.png,1
0.4656226336956024,/mmfs1/home/users/oryan/Zoobot/data/training_cutouts/588015509823619165.png,0
0.5036945343017578,/mmfs1/home/users/oryan/Zoobot/data/training_cutouts/587728947976929427.png,1
0.4924009144306183,/mmfs1/home/users/oryan/Zoobot/data/training_cutouts/587737809040244902.png,0
0.47312742471694946,/mmfs1/home/users/oryan/Zoobot/data/training_cutouts/588848899927572735.png,0
0.4606121778488159,/mmfs1/home/users/oryan/Zoobot/data/training_cutouts/587729409684471948.png,0
0.4868975579738617,/mmfs1/home/users/oryan/Zoobot/data/training_cutouts/587731512083284114.png,0
0.46659234166145325,/mmfs1/home/users/oryan/Zoobot/data/training_cutouts/587733412063871141.png,0
0.5117829442024231,/mmfs1/home/users/oryan/Zoobot/data/training_cutouts/587741722820542544.png,1
0.47822293639183044,/mmfs1/home/users/oryan/Zoobot/data/training_cutouts/587725578038215011.png,0
0.5045897960662842,/mmfs1/home/users/oryan/Zoobot/data/training_cutouts/588018254828667047.png,1
0.5445461869239807,/mmfs1/home/users/oryan/Zoobot/data/training_cutouts/588010358002548941.png,1
0.47868019342422485,/mmfs1/home/users/oryan/Zoobot/data/training_cutouts/588016891713487086.png,0
0.5092571377754211,/mmfs1/home/users/oryan/Zoobot/data/training_cutouts/588017703491010833.png,1
0.48816147446632385,/mmfs1/home/users/oryan/Zoobot/data/training_cutouts/588297864712224961.png,0
0.4451861083507538,/mmfs1/home/users/oryan/Zoobot/data/training_cutouts/588009370151092295.png,0
0.5122788548469543,/mmfs1/home/users/oryan/Zoobot/data/training_cutouts/587729388211142814.png,1
0.48854556679725647,/mmfs1/home/users/oryan/Zoobot/data/training_cutouts/588017704535195687.png,0
0.5288159847259521,/mmfs1/home/users/oryan/Zoobot/data/training_cutouts/587741533844144187.png,1
0.48238614201545715,/mmfs1/home/users/oryan/Zoobot/data/training_cutouts/587734892214747223.png,0
0.4679197072982788,/mmfs1/home/users/oryan/Zoobot/data/training_cutouts/587734893820575861.png,0
0.4611596167087555,/mmfs1/home/users/oryan/Zoobot/data/training_cutouts/587732579380232370.png,0
0.5040284991264343,/mmfs1/home/users/oryan/Zoobot/data/training_cutouts/587730775493705882.png,1
0.48912709951400757,/mmfs1/home/users/oryan/Zoobot/data/training_cutouts/587739157649948878.png,0
0.46491509675979614,/mmfs1/home/users/oryan/Zoobot/data/training_cutouts/587739458296217748.png,0
0.5070131421089172,/mmfs1/home/users/oryan/Zoobot/data/training_cutouts/587730775498752151.png,1
0.4618906080722809,/mmfs1/home/users/oryan/Zoobot/data/training_cutouts/588017947215265927.png,0
0.4871175289154053,/mmfs1/home/users/oryan/Zoobot/data/training_cutouts/587735660479578209.png,0
0.4879443347454071,/mmfs1/home/users/oryan/Zoobot/data/training_cutouts/588007004195389588.png,0
0.46823495626449585,/mmfs1/home/users/oryan/Zoobot/data/training_cutouts/587742189365035177.png,0
0.4905543029308319,/mmfs1/home/users/oryan/Zoobot/data/training_cutouts/587741709950910582.png,0
0.5094629526138306,/mmfs1/home/users/oryan/Zoobot/data/training_cutouts/587735344254157423.png,1
0.48144277930259705,/mmfs1/home/users/oryan/Zoobot/data/training_cutouts/587736781998063818.png,0
0.4899345338344574,/mmfs1/home/users/oryan/Zoobot/data/training_cutouts/588023668096434330.png,0
0.46849024295806885,/mmfs1/home/users/oryan/Zoobot/data/training_cutouts/587736524299960569.png,0
0.5139027237892151,/mmfs1/home/users/oryan/Zoobot/data/training_cutouts/587738574606368916.png,1
0.5213581919670105,/mmfs1/home/users/oryan/Zoobot/data/training_cutouts/587732772663787757.png,1
0.4970603883266449,/mmfs1/home/users/oryan/Zoobot/data/training_cutouts/587739812096180397.png,0
0.4916154742240906,/mmfs1/home/users/oryan/Zoobot/data/training_cutouts/587745245232759034.png,0
0.49773284792900085,/mmfs1/home/users/oryan/Zoobot/data/training_cutouts/587735347500548234.png,0
0.520819902420044,/mmfs1/home/users/oryan/Zoobot/data/training_cutouts/587735349099102478.png,1
0.5137956142425537,/mmfs1/home/users/oryan/Zoobot/data/training_cutouts/587735346967150656.png,1
0.48876938223838806,/mmfs1/home/users/oryan/Zoobot/data/training_cutouts/588010877685858368.png,0
0.5011256337165833,/mmfs1/home/users/oryan/Zoobot/data/training_cutouts/587731512605671590.png,1
0.4846070408821106,/mmfs1/home/users/oryan/Zoobot/data/training_cutouts/588018056188330159.png,0
0.5030080080032349,/mmfs1/home/users/oryan/Zoobot/data/training_cutouts/587739098063306885.png,1
0.4820505976676941,/mmfs1/home/users/oryan/Zoobot/data/training_cutouts/587738197192147171.png,0
0.4992593824863434,/mmfs1/home/users/oryan/Zoobot/data/training_cutouts/587739376703635592.png,0
0.48975419998168945,/mmfs1/home/users/oryan/Zoobot/data/training_cutouts/587728949588787303.png,0
0.5036618709564209,/mmfs1/home/users/oryan/Zoobot/data/training_cutouts/588017605775392939.png,1
0.514978289604187,/mmfs1/home/users/oryan/Zoobot/data/training_cutouts/587732484898291794.png,1
0.48639199137687683,/mmfs1/home/users/oryan/Zoobot/data/training_cutouts/587726878883119391.png,0
0.50229811668396,/mmfs1/home/users/oryan/Zoobot/data/training_cutouts/587739132965945548.png,1
0.5220291018486023,/mmfs1/home/users/oryan/Zoobot/data/training_cutouts/588011122509349011.png,1
0.46735164523124695,/mmfs1/home/users/oryan/Zoobot/data/training_cutouts/587729774219821229.png,0
0.49862685799598694,/mmfs1/home/users/oryan/Zoobot/data/training_cutouts/588017625625526420.png,0
0.47740980982780457,/mmfs1/home/users/oryan/Zoobot/data/training_cutouts/587729227685757149.png,0
0.507261335849762,/mmfs1/home/users/oryan/Zoobot/data/training_cutouts/587741533320315002.png,1
0.4749186635017395,/mmfs1/home/users/oryan/Zoobot/data/training_cutouts/587725552268804228.png,0
0.4676141142845154,/mmfs1/home/users/oryan/Zoobot/data/training_cutouts/587739809410318470.png,0
0.5235639214515686,/mmfs1/home/users/oryan/Zoobot/data/training_cutouts/587742551223828756.png,1
0.5003911256790161,/mmfs1/home/users/oryan/Zoobot/data/training_cutouts/588010359614406911.png,1
0.498960942029953,/mmfs1/home/users/oryan/Zoobot/data/training_cutouts/587728677391499379.png,0
0.48680633306503296,/mmfs1/home/users/oryan/Zoobot/data/training_cutouts/588011101034119348.png,0
0.4677533507347107,/mmfs1/home/users/oryan/Zoobot/data/training_cutouts/587732135375274097.png,0
0.48275744915008545,/mmfs1/home/users/oryan/Zoobot/data/training_cutouts/587726033320280248.png,0
0.5057822465896606,/mmfs1/home/users/oryan/Zoobot/data/training_cutouts/587731913109536960.png,1
0.5025730729103088,/mmfs1/home/users/oryan/Zoobot/data/training_cutouts/587732592251175023.png,1
0.4653785228729248,/mmfs1/home/users/oryan/Zoobot/data/training_cutouts/587725774532640857.png,0
0.479970782995224,/mmfs1/home/users/oryan/Zoobot/data/training_cutouts/588017116661940340.png,0
0.4778501093387604,/mmfs1/home/users/oryan/Zoobot/data/training_cutouts/587735347483312313.png,0
0.49538654088974,/mmfs1/home/users/oryan/Zoobot/data/training_cutouts/587726877278797943.png,0
0.4950076639652252,/mmfs1/home/users/oryan/Zoobot/data/training_cutouts/588017570310848635.png,0
0.46017563343048096,/mmfs1/home/users/oryan/Zoobot/data/training_cutouts/587739610249035948.png,0
0.5093866586685181,/mmfs1/home/users/oryan/Zoobot/data/training_cutouts/588295840174702712.png,1
0.47123003005981445,/mmfs1/home/users/oryan/Zoobot/data/training_cutouts/587733399175561379.png,0
0.4869154095649719,/mmfs1/home/users/oryan/Zoobot/data/training_cutouts/587738570859413716.png,0
0.4903593063354492,/mmfs1/home/users/oryan/Zoobot/data/training_cutouts/588016892780282124.png,0
0.49514898657798767,/mmfs1/home/users/oryan/Zoobot/data/training_cutouts/587745539448373432.png,0
0.5054463744163513,/mmfs1/home/users/oryan/Zoobot/data/training_cutouts/587734862148206672.png,1
0.4931933879852295,/mmfs1/home/users/oryan/Zoobot/data/training_cutouts/587741533324968047.png,0
0.517621636390686,/mmfs1/home/users/oryan/Zoobot/data/training_cutouts/587733398106734797.png,1
0.49151742458343506,/mmfs1/home/users/oryan/Zoobot/data/training_cutouts/587726877272178975.png,0
0.49797365069389343,/mmfs1/home/users/oryan/Zoobot/data/training_cutouts/587741600959955079.png,0
0.4910956919193268,/mmfs1/home/users/oryan/Zoobot/data/training_cutouts/587727227305263285.png,0
0.497062623500824,/mmfs1/home/users/oryan/Zoobot/data/training_cutouts/587738615950868619.png,0
0.4864461421966553,/mmfs1/home/users/oryan/Zoobot/data/training_cutouts/588017990690996363.png,0
0.47807472944259644,/mmfs1/home/users/oryan/Zoobot/data/training_cutouts/588007004197028209.png,0
0.5306434035301208,/mmfs1/home/users/oryan/Zoobot/data/training_cutouts/587724650337206417.png,1
0.46290749311447144,/mmfs1/home/users/oryan/Zoobot/data/training_cutouts/587736977416913056.png,0
0.48415863513946533,/mmfs1/home/users/oryan/Zoobot/data/training_cutouts/587736975275393216.png,0
0.4771883189678192,/mmfs1/home/users/oryan/Zoobot/data/training_cutouts/587742576452698329.png,0
0.4599745273590088,/mmfs1/home/users/oryan/Zoobot/data/training_cutouts/587733398108438804.png,0
0.4946528971195221,/mmfs1/home/users/oryan/Zoobot/data/training_cutouts/588017571927687404.png,0
0.512962281703949,/mmfs1/home/users/oryan/Zoobot/data/training_cutouts/587732772651335805.png,1
0.5115715861320496,/mmfs1/home/users/oryan/Zoobot/data/training_cutouts/588017949884809382.png,1
0.47483891248703003,/mmfs1/home/users/oryan/Zoobot/data/training_cutouts/587731187263996033.png,0
0.4788663387298584,/mmfs1/home/users/oryan/Zoobot/data/training_cutouts/588017109682553005.png,0
0.49467524886131287,/mmfs1/home/users/oryan/Zoobot/data/training_cutouts/587738947207692528.png,0
0.4770756959915161,/mmfs1/home/users/oryan/Zoobot/data/training_cutouts/587725469590225243.png,0
0.5087185502052307,/mmfs1/home/users/oryan/Zoobot/data/training_cutouts/588017704029782434.png,1
0.48842355608940125,/mmfs1/home/users/oryan/Zoobot/data/training_cutouts/588011219142574191.png,0
0.5045325756072998,/mmfs1/home/users/oryan/Zoobot/data/training_cutouts/587739706865221743.png,1
0.46437868475914,/mmfs1/home/users/oryan/Zoobot/data/training_cutouts/587727180072747063.png,0
0.4694778621196747,/mmfs1/home/users/oryan/Zoobot/data/training_cutouts/587733428698611779.png,0
0.5019451975822449,/mmfs1/home/users/oryan/Zoobot/data/training_cutouts/588017729763999825.png,1
0.5133597254753113,/mmfs1/home/users/oryan/Zoobot/data/training_cutouts/588297864171553110.png,1
0.4832925796508789,/mmfs1/home/users/oryan/Zoobot/data/training_cutouts/587725818566738088.png,0
0.48071083426475525,/mmfs1/home/users/oryan/Zoobot/data/training_cutouts/588023046405357705.png,0
0.4687228798866272,/mmfs1/home/users/oryan/Zoobot/data/training_cutouts/587742627985162310.png,0
0.5008602142333984,/mmfs1/home/users/oryan/Zoobot/data/training_cutouts/587738950959431842.png,1
0.49510854482650757,/mmfs1/home/users/oryan/Zoobot/data/training_cutouts/587735042539847932.png,0
0.4747346043586731,/mmfs1/home/users/oryan/Zoobot/data/training_cutouts/588017704551383141.png,0
0.4892944097518921,/mmfs1/home/users/oryan/Zoobot/data/training_cutouts/587739096986681469.png,0
0.48491865396499634,/mmfs1/home/users/oryan/Zoobot/data/training_cutouts/588017626172358937.png,0
0.489384263753891,/mmfs1/home/users/oryan/Zoobot/data/training_cutouts/587733440511017023.png,0
0.47374969720840454,/mmfs1/home/users/oryan/Zoobot/data/training_cutouts/587742610266456223.png,0
0.5122953653335571,/mmfs1/home/users/oryan/Zoobot/data/training_cutouts/587736941993132299.png,1
0.4779401123523712,/mmfs1/home/users/oryan/Zoobot/data/training_cutouts/588010134655860817.png,0
0.49177607893943787,/mmfs1/home/users/oryan/Zoobot/data/training_cutouts/588017979947942045.png,0
0.4722342789173126,/mmfs1/home/users/oryan/Zoobot/data/training_cutouts/588017730303557753.png,0
0.4553877115249634,/mmfs1/home/users/oryan/Zoobot/data/training_cutouts/588015507667943555.png,0
0.4914531111717224,/mmfs1/home/users/oryan/Zoobot/data/training_cutouts/587731500799950969.png,0
0.4844462275505066,/mmfs1/home/users/oryan/Zoobot/data/training_cutouts/587741489830166684.png,0
0.4679296314716339,/mmfs1/home/users/oryan/Zoobot/data/training_cutouts/587731885737312467.png,0
0.45660996437072754,/mmfs1/home/users/oryan/Zoobot/data/training_cutouts/587732702861263060.png,0
0.49680274724960327,/mmfs1/home/users/oryan/Zoobot/data/training_cutouts/587739845919768831.png,0
0.4608701765537262,/mmfs1/home/users/oryan/Zoobot/data/training_cutouts/587728879798255850.png,0
0.4763396084308624,/mmfs1/home/users/oryan/Zoobot/data/training_cutouts/588017704022900781.png,0
0.4880761206150055,/mmfs1/home/users/oryan/Zoobot/data/training_cutouts/588015508734017691.png,0
0.5391120314598083,/mmfs1/home/users/oryan/Zoobot/data/training_cutouts/587742013819977879.png,1
0.4930579662322998,/mmfs1/home/users/oryan/Zoobot/data/training_cutouts/588015510337093729.png,0
0.5107664465904236,/mmfs1/home/users/oryan/Zoobot/data/training_cutouts/588023668103315621.png,1
0.4689893424510956,/mmfs1/home/users/oryan/Zoobot/data/training_cutouts/587729971257606616.png,0
0.4778577983379364,/mmfs1/home/users/oryan/Zoobot/data/training_cutouts/587742060516016187.png,0
0.5161193013191223,/mmfs1/home/users/oryan/Zoobot/data/training_cutouts/587735696452092064.png,1
0.4955087900161743,/mmfs1/home/users/oryan/Zoobot/data/training_cutouts/588017979414872157.png,0
0.49470290541648865,/mmfs1/home/users/oryan/Zoobot/data/training_cutouts/587739827132956892.png,0
0.5214810371398926,/mmfs1/home/users/oryan/Zoobot/data/training_cutouts/587745404152578218.png,1
0.4668797552585602,/mmfs1/home/users/oryan/Zoobot/data/training_cutouts/587739609158123619.png,0
0.5152890086174011,/mmfs1/home/users/oryan/Zoobot/data/training_cutouts/587735347476889975.png,1
0.4632941782474518,/mmfs1/home/users/oryan/Zoobot/data/training_cutouts/588015509274165337.png,0
0.4592747390270233,/mmfs1/home/users/oryan/Zoobot/data/training_cutouts/587733424943595707.png,0
0.4752032458782196,/mmfs1/home/users/oryan/Zoobot/data/training_cutouts/587735343180546479.png,0
0.46053600311279297,/mmfs1/home/users/oryan/Zoobot/data/training_cutouts/588013382724616500.png,0
0.48641839623451233,/mmfs1/home/users/oryan/Zoobot/data/training_cutouts/587739608620662942.png,0
0.46464985609054565,/mmfs1/home/users/oryan/Zoobot/data/training_cutouts/587732579386130464.png,0
0.5128957629203796,/mmfs1/home/users/oryan/Zoobot/data/training_cutouts/587742615633199271.png,1
0.5039371252059937,/mmfs1/home/users/oryan/Zoobot/data/training_cutouts/587735696440492157.png,1
0.4883161187171936,/mmfs1/home/users/oryan/Zoobot/data/training_cutouts/587742571614634129.png,0
0.4910913407802582,/mmfs1/home/users/oryan/Zoobot/data/training_cutouts/588023721784967295.png,0
0.5315121412277222,/mmfs1/home/users/oryan/Zoobot/data/training_cutouts/587725551752249530.png,1
0.4553341269493103,/mmfs1/home/users/oryan/Zoobot/data/training_cutouts/588017627223621797.png,0
0.4720414876937866,/mmfs1/home/users/oryan/Zoobot/data/training_cutouts/588848901530517578.png,0
0.520888090133667,/mmfs1/home/users/oryan/Zoobot/data/training_cutouts/588009365863268418.png,1
0.5103586912155151,/mmfs1/home/users/oryan/Zoobot/data/training_cutouts/587737825140605132.png,1
0.47406527400016785,/mmfs1/home/users/oryan/Zoobot/data/training_cutouts/587741602026291337.png,0
0.5020554661750793,/mmfs1/home/users/oryan/Zoobot/data/training_cutouts/587741392109895883.png,1
0.45333045721054077,/mmfs1/home/users/oryan/Zoobot/data/training_cutouts/587728905564389735.png,0
0.45678001642227173,/mmfs1/home/users/oryan/Zoobot/data/training_cutouts/588017723866218632.png,0
0.4933466613292694,/mmfs1/home/users/oryan/Zoobot/data/training_cutouts/587734863219130540.png,0
0.4893868863582611,/mmfs1/home/users/oryan/Zoobot/data/training_cutouts/587732590646067380.png,0
