,zooniverse_id,RA,Dec,imaging,interacting,local_location
5895,AHZ10004js,215.0013967,52.9553995,AEGIS,1,C:/Users/oryan/Documents/zoobot/hubble-dataset-creation/cutouts/13026767.jpg
8646,AHZ20000ak,150.3878223,1.5939996,COSMOS,1,C:/Users/oryan/Documents/zoobot/hubble-dataset-creation/cutouts/20001025.jpg
8813,AHZ20000f7,150.1995598,1.6022006,COSMOS,1,C:/Users/oryan/Documents/zoobot/hubble-dataset-creation/cutouts/20001463.jpg
8875,AHZ20000gx,150.1786158,1.5852546,COSMOS,1,C:/Users/oryan/Documents/zoobot/hubble-dataset-creation/cutouts/20001540.jpg
8897,AHZ20000hj,150.1964036,1.6255654,COSMOS,1,C:/Users/oryan/Documents/zoobot/hubble-dataset-creation/cutouts/20001570.jpg
10007,AHZ20001cd,150.7607271,1.7625126,COSMOS,1,C:/Users/oryan/Documents/zoobot/hubble-dataset-creation/cutouts/20004610.jpg
10792,AHZ20001y6,150.6596413,1.7040365,COSMOS,1,C:/Users/oryan/Documents/zoobot/hubble-dataset-creation/cutouts/20006096.jpg
10838,AHZ20001zg,150.6845118,1.6877306,COSMOS,1,C:/Users/oryan/Documents/zoobot/hubble-dataset-creation/cutouts/20006234.jpg
11039,AHZ2000251,150.6082768,1.6312019,COSMOS,1,C:/Users/oryan/Documents/zoobot/hubble-dataset-creation/cutouts/20006682.jpg
11239,AHZ20002al,150.5445655,1.7485059,COSMOS,1,C:/Users/oryan/Documents/zoobot/hubble-dataset-creation/cutouts/20007188.jpg
11340,AHZ20002de,150.495085,1.7940585,COSMOS,1,C:/Users/oryan/Documents/zoobot/hubble-dataset-creation/cutouts/20007349.jpg
11400,AHZ20002f2,150.4065993,1.7936092,COSMOS,1,C:/Users/oryan/Documents/zoobot/hubble-dataset-creation/cutouts/20007793.jpg
11696,AHZ20002na,150.4361571,1.7942803,COSMOS,1,C:/Users/oryan/Documents/zoobot/hubble-dataset-creation/cutouts/20008455.jpg
11912,AHZ20002ta,150.5233031,1.6557784,COSMOS,1,C:/Users/oryan/Documents/zoobot/hubble-dataset-creation/cutouts/20009115.jpg
12241,AHZ200032f,150.3464012,1.764559,COSMOS,1,C:/Users/oryan/Documents/zoobot/hubble-dataset-creation/cutouts/20010033.jpg
13070,AHZ20003pg,150.3943444,1.6911124,COSMOS,1,C:/Users/oryan/Documents/zoobot/hubble-dataset-creation/cutouts/20012119.jpg
13163,AHZ20003s1,150.3077759,1.6769508,COSMOS,1,C:/Users/oryan/Documents/zoobot/hubble-dataset-creation/cutouts/20012523.jpg
13305,AHZ20003vz,150.3105953,1.6437941,COSMOS,1,C:/Users/oryan/Documents/zoobot/hubble-dataset-creation/cutouts/20012716.jpg
13672,AHZ2000466,150.1683909,1.7862723,COSMOS,1,C:/Users/oryan/Documents/zoobot/hubble-dataset-creation/cutouts/20013624.jpg
13748,AHZ200048a,150.1710892,1.7804891,COSMOS,1,C:/Users/oryan/Documents/zoobot/hubble-dataset-creation/cutouts/20013939.jpg
14194,AHZ20004ko,150.2008172,1.6577051,COSMOS,1,C:/Users/oryan/Documents/zoobot/hubble-dataset-creation/cutouts/20014745.jpg
14225,AHZ20004lj,150.2043968,1.7030762,COSMOS,1,C:/Users/oryan/Documents/zoobot/hubble-dataset-creation/cutouts/20014787.jpg
14507,AHZ20004td,150.113773,1.6584876,COSMOS,1,C:/Users/oryan/Documents/zoobot/hubble-dataset-creation/cutouts/20015451.jpg
14546,AHZ20004ug,150.1383624,1.6499557,COSMOS,1,C:/Users/oryan/Documents/zoobot/hubble-dataset-creation/cutouts/20015495.jpg
14705,AHZ20004yv,150.135072,1.6910187,COSMOS,1,C:/Users/oryan/Documents/zoobot/hubble-dataset-creation/cutouts/20015932.jpg
14716,AHZ20004z6,150.1396716,1.6858667,COSMOS,1,C:/Users/oryan/Documents/zoobot/hubble-dataset-creation/cutouts/20015945.jpg
14860,AHZ2000536,150.048177,1.738681,COSMOS,1,C:/Users/oryan/Documents/zoobot/hubble-dataset-creation/cutouts/20016137.jpg
15167,AHZ20005bp,149.9262733,1.7273012,COSMOS,1,C:/Users/oryan/Documents/zoobot/hubble-dataset-creation/cutouts/20016924.jpg
15572,AHZ20005my,149.981373,1.6935179,COSMOS,1,C:/Users/oryan/Documents/zoobot/hubble-dataset-creation/cutouts/20018124.jpg
15751,AHZ20005rx,149.9677856,1.6479925,COSMOS,1,C:/Users/oryan/Documents/zoobot/hubble-dataset-creation/cutouts/20018553.jpg
15777,AHZ20005sn,149.9064215,1.6448544,COSMOS,1,C:/Users/oryan/Documents/zoobot/hubble-dataset-creation/cutouts/20018585.jpg
15904,AHZ20005w6,149.8637938,1.7652022,COSMOS,1,C:/Users/oryan/Documents/zoobot/hubble-dataset-creation/cutouts/20019189.jpg
16139,AHZ200062p,149.8660355,1.7774379,COSMOS,1,C:/Users/oryan/Documents/zoobot/hubble-dataset-creation/cutouts/20019694.jpg
16547,AHZ20006e1,149.8442927,1.6665517,COSMOS,1,C:/Users/oryan/Documents/zoobot/hubble-dataset-creation/cutouts/20020819.jpg
16641,AHZ20006gn,149.8831059,1.6411279,COSMOS,1,C:/Users/oryan/Documents/zoobot/hubble-dataset-creation/cutouts/20020955.jpg
16687,AHZ20006hx,149.8110381,1.6257447,COSMOS,1,C:/Users/oryan/Documents/zoobot/hubble-dataset-creation/cutouts/20021027.jpg
16884,AHZ20006ne,149.7684243,1.6491365,COSMOS,1,C:/Users/oryan/Documents/zoobot/hubble-dataset-creation/cutouts/20021711.jpg
16972,AHZ20006pu,149.7351219,1.6293226,COSMOS,1,C:/Users/oryan/Documents/zoobot/hubble-dataset-creation/cutouts/20021835.jpg
17000,AHZ20006qm,149.7350357,1.6980693,COSMOS,1,C:/Users/oryan/Documents/zoobot/hubble-dataset-creation/cutouts/20021921.jpg
17079,AHZ20006st,149.6837379,1.7572743,COSMOS,1,C:/Users/oryan/Documents/zoobot/hubble-dataset-creation/cutouts/20022371.jpg
18191,AHZ20007np,149.5301856,1.7650555,COSMOS,1,C:/Users/oryan/Documents/zoobot/hubble-dataset-creation/cutouts/20024897.jpg
18330,AHZ20007rk,149.5247433,1.7265358,COSMOS,1,C:/Users/oryan/Documents/zoobot/hubble-dataset-creation/cutouts/20025077.jpg
18445,AHZ20007ur,149.4855421,1.7790945,COSMOS,1,C:/Users/oryan/Documents/zoobot/hubble-dataset-creation/cutouts/20025539.jpg
19089,AHZ20008cn,150.7563956,1.8569192,COSMOS,1,C:/Users/oryan/Documents/zoobot/hubble-dataset-creation/cutouts/20027307.jpg
19279,AHZ20008hx,150.7005434,1.8872197,COSMOS,1,C:/Users/oryan/Documents/zoobot/hubble-dataset-creation/cutouts/20027563.jpg
19419,AHZ20008lt,150.6973552,1.937328,COSMOS,1,C:/Users/oryan/Documents/zoobot/hubble-dataset-creation/cutouts/20027928.jpg
19459,AHZ20008mx,150.5737017,1.9393248,COSMOS,1,C:/Users/oryan/Documents/zoobot/hubble-dataset-creation/cutouts/20027974.jpg
19498,AHZ20008o0,150.58805,1.9325349,COSMOS,1,C:/Users/oryan/Documents/zoobot/hubble-dataset-creation/cutouts/20028036.jpg
19675,AHZ20008sx,150.621532,1.88032,COSMOS,1,C:/Users/oryan/Documents/zoobot/hubble-dataset-creation/cutouts/20028290.jpg
19680,AHZ20008t2,150.6035697,1.8794675,COSMOS,1,C:/Users/oryan/Documents/zoobot/hubble-dataset-creation/cutouts/20028297.jpg
20150,AHZ2000964,150.5698029,1.7974802,COSMOS,1,C:/Users/oryan/Documents/zoobot/hubble-dataset-creation/cutouts/20029481.jpg
20660,AHZ20009ka,150.4320665,1.925837,COSMOS,1,C:/Users/oryan/Documents/zoobot/hubble-dataset-creation/cutouts/20030739.jpg
20948,AHZ20009sa,150.5037844,1.85459,COSMOS,1,C:/Users/oryan/Documents/zoobot/hubble-dataset-creation/cutouts/20031571.jpg
21042,AHZ20009uw,150.4824556,1.8318263,COSMOS,1,C:/Users/oryan/Documents/zoobot/hubble-dataset-creation/cutouts/20031697.jpg
21229,AHZ2000a03,150.562364,1.8324716,COSMOS,1,C:/Users/oryan/Documents/zoobot/hubble-dataset-creation/cutouts/20032142.jpg
21235,AHZ2000a09,150.5411116,1.8184422,COSMOS,1,C:/Users/oryan/Documents/zoobot/hubble-dataset-creation/cutouts/20032201.jpg
21612,AHZ2000aaq,150.4303304,1.8613697,COSMOS,1,C:/Users/oryan/Documents/zoobot/hubble-dataset-creation/cutouts/20033196.jpg
21731,AHZ2000ae1,150.3532711,1.9188025,COSMOS,1,C:/Users/oryan/Documents/zoobot/hubble-dataset-creation/cutouts/20033500.jpg
21911,AHZ2000aj1,150.342768,1.9041148,COSMOS,1,C:/Users/oryan/Documents/zoobot/hubble-dataset-creation/cutouts/20034074.jpg
22179,AHZ2000aqh,150.2643705,1.8876583,COSMOS,1,C:/Users/oryan/Documents/zoobot/hubble-dataset-creation/cutouts/20034570.jpg
22477,AHZ2000ayr,150.3654546,1.8101773,COSMOS,1,C:/Users/oryan/Documents/zoobot/hubble-dataset-creation/cutouts/20035417.jpg
22483,AHZ2000ayx,150.3705156,1.8084691,COSMOS,1,C:/Users/oryan/Documents/zoobot/hubble-dataset-creation/cutouts/20035427.jpg
22599,AHZ2000b25,150.2881771,1.8526837,COSMOS,1,C:/Users/oryan/Documents/zoobot/hubble-dataset-creation/cutouts/20036027.jpg
22674,AHZ2000b48,150.3090565,1.8365017,COSMOS,1,C:/Users/oryan/Documents/zoobot/hubble-dataset-creation/cutouts/20036129.jpg
23311,AHZ2000blx,150.0934701,1.9033579,COSMOS,1,C:/Users/oryan/Documents/zoobot/hubble-dataset-creation/cutouts/20037945.jpg
23396,AHZ2000boa,150.1192872,1.8842067,COSMOS,1,C:/Users/oryan/Documents/zoobot/hubble-dataset-creation/cutouts/20038059.jpg
23493,AHZ2000bqz,150.1153697,1.9399666,COSMOS,1,C:/Users/oryan/Documents/zoobot/hubble-dataset-creation/cutouts/20038628.jpg
23553,AHZ2000bsn,150.2195116,1.8393043,COSMOS,1,C:/Users/oryan/Documents/zoobot/hubble-dataset-creation/cutouts/20038721.jpg
23975,AHZ2000c4d,150.1433553,1.8117657,COSMOS,1,C:/Users/oryan/Documents/zoobot/hubble-dataset-creation/cutouts/20039787.jpg
24041,AHZ2000c67,150.0938007,1.8672288,COSMOS,1,C:/Users/oryan/Documents/zoobot/hubble-dataset-creation/cutouts/20039996.jpg
24210,AHZ2000caw,150.005957,1.8971755,COSMOS,1,C:/Users/oryan/Documents/zoobot/hubble-dataset-creation/cutouts/20040552.jpg
25371,AHZ2000d75,149.8279771,1.8818971,COSMOS,1,C:/Users/oryan/Documents/zoobot/hubble-dataset-creation/cutouts/20043778.jpg
26213,AHZ2000duj,149.727229,1.8622095,COSMOS,1,C:/Users/oryan/Documents/zoobot/hubble-dataset-creation/cutouts/20046292.jpg
26663,AHZ2000e71,149.6127054,1.9232663,COSMOS,1,C:/Users/oryan/Documents/zoobot/hubble-dataset-creation/cutouts/20047672.jpg
26690,AHZ2000e7s,149.5684107,1.9156844,COSMOS,1,C:/Users/oryan/Documents/zoobot/hubble-dataset-creation/cutouts/20047710.jpg
27110,AHZ2000ejg,149.6628717,1.8081122,COSMOS,1,C:/Users/oryan/Documents/zoobot/hubble-dataset-creation/cutouts/20048767.jpg
27609,AHZ2000exb,149.4915119,1.9062445,COSMOS,1,C:/Users/oryan/Documents/zoobot/hubble-dataset-creation/cutouts/20050105.jpg
28073,AHZ2000fa7,149.4913733,1.8072058,COSMOS,1,C:/Users/oryan/Documents/zoobot/hubble-dataset-creation/cutouts/20051341.jpg
28293,AHZ2000fgb,150.7546664,2.0974028,COSMOS,1,C:/Users/oryan/Documents/zoobot/hubble-dataset-creation/cutouts/20052178.jpg
28567,AHZ2000fnx,150.6741246,2.0631889,COSMOS,1,C:/Users/oryan/Documents/zoobot/hubble-dataset-creation/cutouts/20052722.jpg
29031,AHZ2000g0t,150.7097341,2.0192983,COSMOS,1,C:/Users/oryan/Documents/zoobot/hubble-dataset-creation/cutouts/20054077.jpg
29359,AHZ2000g9x,150.6097613,2.020982,COSMOS,1,C:/Users/oryan/Documents/zoobot/hubble-dataset-creation/cutouts/20054698.jpg
29831,AHZ2000gn1,150.5121346,2.0712062,COSMOS,1,C:/Users/oryan/Documents/zoobot/hubble-dataset-creation/cutouts/20055819.jpg
30170,AHZ2000gwg,150.4147779,2.0860621,COSMOS,1,C:/Users/oryan/Documents/zoobot/hubble-dataset-creation/cutouts/20056892.jpg
30276,AHZ2000gze,150.4367967,2.0692159,COSMOS,1,C:/Users/oryan/Documents/zoobot/hubble-dataset-creation/cutouts/20057034.jpg
31062,AHZ2000hl8,150.4229168,1.9851539,COSMOS,1,C:/Users/oryan/Documents/zoobot/hubble-dataset-creation/cutouts/20058964.jpg
31323,AHZ2000hsh,150.3914449,2.086529,COSMOS,1,C:/Users/oryan/Documents/zoobot/hubble-dataset-creation/cutouts/20059763.jpg
31553,AHZ2000hyv,150.3531716,2.0869454,COSMOS,1,C:/Users/oryan/Documents/zoobot/hubble-dataset-creation/cutouts/20060276.jpg
31664,AHZ2000i1y,150.2657637,2.1226055,COSMOS,1,C:/Users/oryan/Documents/zoobot/hubble-dataset-creation/cutouts/20060690.jpg
31800,AHZ2000i5q,150.2655879,2.1186704,COSMOS,1,C:/Users/oryan/Documents/zoobot/hubble-dataset-creation/cutouts/20060866.jpg
31968,AHZ2000iae,150.3691661,2.015037,COSMOS,1,C:/Users/oryan/Documents/zoobot/hubble-dataset-creation/cutouts/20061620.jpg
32249,AHZ2000ii7,150.3511748,1.9613031,COSMOS,1,C:/Users/oryan/Documents/zoobot/hubble-dataset-creation/cutouts/20062010.jpg
32436,AHZ2000ine,150.2442277,2.0013481,COSMOS,1,C:/Users/oryan/Documents/zoobot/hubble-dataset-creation/cutouts/20062703.jpg
33009,AHZ2000j3b,150.1500853,2.11827,COSMOS,1,C:/Users/oryan/Documents/zoobot/hubble-dataset-creation/cutouts/20064010.jpg
33440,AHZ2000jfa,150.2241815,2.0093907,COSMOS,1,C:/Users/oryan/Documents/zoobot/hubble-dataset-creation/cutouts/20065465.jpg
33751,AHZ2000jnx,150.1032624,2.0066868,COSMOS,1,C:/Users/oryan/Documents/zoobot/hubble-dataset-creation/cutouts/20066335.jpg
33990,AHZ2000juk,150.1009431,2.0249502,COSMOS,1,C:/Users/oryan/Documents/zoobot/hubble-dataset-creation/cutouts/20066922.jpg
34113,AHZ2000jxz,150.0200146,2.0764677,COSMOS,1,C:/Users/oryan/Documents/zoobot/hubble-dataset-creation/cutouts/20067102.jpg
34129,AHZ2000jyf,150.0173877,2.069678,COSMOS,1,C:/Users/oryan/Documents/zoobot/hubble-dataset-creation/cutouts/20067123.jpg
34160,AHZ2000jza,150.0245903,2.0615889,COSMOS,1,C:/Users/oryan/Documents/zoobot/hubble-dataset-creation/cutouts/20067161.jpg
34561,AHZ2000kaf,149.9414105,2.1271922,COSMOS,1,C:/Users/oryan/Documents/zoobot/hubble-dataset-creation/cutouts/20068105.jpg
35073,AHZ2000kon,149.9493894,2.0286579,COSMOS,1,C:/Users/oryan/Documents/zoobot/hubble-dataset-creation/cutouts/20070047.jpg
35255,AHZ2000ktp,149.8739071,2.0608746,COSMOS,1,C:/Users/oryan/Documents/zoobot/hubble-dataset-creation/cutouts/20070363.jpg
35351,AHZ2000kwd,149.8932216,2.112965,COSMOS,1,C:/Users/oryan/Documents/zoobot/hubble-dataset-creation/cutouts/20070794.jpg
35402,AHZ2000kxs,149.787339,2.0927684,COSMOS,1,C:/Users/oryan/Documents/zoobot/hubble-dataset-creation/cutouts/20071041.jpg
35439,AHZ2000kyt,149.7510652,2.0803397,COSMOS,1,C:/Users/oryan/Documents/zoobot/hubble-dataset-creation/cutouts/20071090.jpg
35516,AHZ2000l0y,149.7749075,2.1233304,COSMOS,1,C:/Users/oryan/Documents/zoobot/hubble-dataset-creation/cutouts/20071183.jpg
35946,AHZ2000lcw,149.764167,2.0119855,COSMOS,1,C:/Users/oryan/Documents/zoobot/hubble-dataset-creation/cutouts/20072545.jpg
36024,AHZ2000lf2,149.759041,2.0365588,COSMOS,1,C:/Users/oryan/Documents/zoobot/hubble-dataset-creation/cutouts/20072647.jpg
36636,AHZ2000lw2,149.5723605,2.122775,COSMOS,1,C:/Users/oryan/Documents/zoobot/hubble-dataset-creation/cutouts/20074307.jpg
36660,AHZ2000lwq,149.5670286,2.0720203,COSMOS,1,C:/Users/oryan/Documents/zoobot/hubble-dataset-creation/cutouts/20074338.jpg
36985,AHZ2000m5r,149.6761374,1.9816999,COSMOS,1,C:/Users/oryan/Documents/zoobot/hubble-dataset-creation/cutouts/20075233.jpg
37098,AHZ2000m8w,149.6900632,2.0301972,COSMOS,1,C:/Users/oryan/Documents/zoobot/hubble-dataset-creation/cutouts/20075746.jpg
37252,AHZ2000md6,149.6213975,1.9939136,COSMOS,1,C:/Users/oryan/Documents/zoobot/hubble-dataset-creation/cutouts/20076028.jpg
37298,AHZ2000meg,149.6359822,1.9803797,COSMOS,1,C:/Users/oryan/Documents/zoobot/hubble-dataset-creation/cutouts/20076090.jpg
37782,AHZ2000mrw,149.526005,2.0204957,COSMOS,1,C:/Users/oryan/Documents/zoobot/hubble-dataset-creation/cutouts/20077710.jpg
37875,AHZ2000muh,149.5040211,2.0009576,COSMOS,1,C:/Users/oryan/Documents/zoobot/hubble-dataset-creation/cutouts/20077826.jpg
38032,AHZ2000myu,149.4883631,1.9635344,COSMOS,1,C:/Users/oryan/Documents/zoobot/hubble-dataset-creation/cutouts/20078022.jpg
38327,AHZ2000n71,150.6920543,2.2510058,COSMOS,1,C:/Users/oryan/Documents/zoobot/hubble-dataset-creation/cutouts/20079103.jpg
38641,AHZ2000nfr,150.5856859,2.2557097,COSMOS,1,C:/Users/oryan/Documents/zoobot/hubble-dataset-creation/cutouts/20079719.jpg
38822,AHZ2000nks,150.5989592,2.2834264,COSMOS,1,C:/Users/oryan/Documents/zoobot/hubble-dataset-creation/cutouts/20080189.jpg
39224,AHZ2000nvy,150.5679742,2.1738265,COSMOS,1,C:/Users/oryan/Documents/zoobot/hubble-dataset-creation/cutouts/20081243.jpg
39292,AHZ2000nxu,150.6367234,2.1587618,COSMOS,1,C:/Users/oryan/Documents/zoobot/hubble-dataset-creation/cutouts/20081328.jpg
39513,AHZ2000o3z,150.4982897,2.2731494,COSMOS,1,C:/Users/oryan/Documents/zoobot/hubble-dataset-creation/cutouts/20082093.jpg
40762,AHZ2000p2o,150.447071,2.1642209,COSMOS,1,C:/Users/oryan/Documents/zoobot/hubble-dataset-creation/cutouts/20085329.jpg
40772,AHZ2000p2y,150.4363952,2.1614383,COSMOS,1,C:/Users/oryan/Documents/zoobot/hubble-dataset-creation/cutouts/20085342.jpg
40847,AHZ2000p51,150.4128241,2.1459903,COSMOS,1,C:/Users/oryan/Documents/zoobot/hubble-dataset-creation/cutouts/20085441.jpg
40998,AHZ2000p98,150.3522389,2.2801903,COSMOS,1,C:/Users/oryan/Documents/zoobot/hubble-dataset-creation/cutouts/20086143.jpg
42595,AHZ2000qhl,150.1623279,2.2765918,COSMOS,1,C:/Users/oryan/Documents/zoobot/hubble-dataset-creation/cutouts/20090465.jpg
43301,AHZ2000r17,150.118848,2.1899575,COSMOS,1,C:/Users/oryan/Documents/zoobot/hubble-dataset-creation/cutouts/20091855.jpg
43336,AHZ2000r26,150.1069589,2.1777941,COSMOS,1,C:/Users/oryan/Documents/zoobot/hubble-dataset-creation/cutouts/20091899.jpg
45017,AHZ2000scv,149.9745451,2.1260626,COSMOS,1,C:/Users/oryan/Documents/zoobot/hubble-dataset-creation/cutouts/20095717.jpg
45025,AHZ2000sd3,149.9390111,2.2023046,COSMOS,1,C:/Users/oryan/Documents/zoobot/hubble-dataset-creation/cutouts/20095778.jpg
45304,AHZ2000sku,149.8796268,2.228903,COSMOS,1,C:/Users/oryan/Documents/zoobot/hubble-dataset-creation/cutouts/20096501.jpg
45469,AHZ2000spf,149.7471583,2.2937343,COSMOS,1,C:/Users/oryan/Documents/zoobot/hubble-dataset-creation/cutouts/20097171.jpg
46840,AHZ2000tri,149.661138,2.2171079,COSMOS,1,C:/Users/oryan/Documents/zoobot/hubble-dataset-creation/cutouts/20100500.jpg
46871,AHZ2000tsd,149.6655088,2.2108957,COSMOS,1,C:/Users/oryan/Documents/zoobot/hubble-dataset-creation/cutouts/20100542.jpg
47743,AHZ2000ugl,149.5920822,2.2026998,COSMOS,1,C:/Users/oryan/Documents/zoobot/hubble-dataset-creation/cutouts/20102926.jpg
47813,AHZ2000uij,149.5950075,2.1322664,COSMOS,1,C:/Users/oryan/Documents/zoobot/hubble-dataset-creation/cutouts/20103023.jpg
48363,AHZ2000uxt,149.5362279,2.1580128,COSMOS,1,C:/Users/oryan/Documents/zoobot/hubble-dataset-creation/cutouts/20104732.jpg
48673,AHZ2000v6f,150.7577929,2.3908266,COSMOS,1,C:/Users/oryan/Documents/zoobot/hubble-dataset-creation/cutouts/20105593.jpg
48864,AHZ2000vbq,150.7266779,2.2934023,COSMOS,1,C:/Users/oryan/Documents/zoobot/hubble-dataset-creation/cutouts/20106074.jpg
49528,AHZ2000vu6,150.6155612,2.3951274,COSMOS,1,C:/Users/oryan/Documents/zoobot/hubble-dataset-creation/cutouts/20107338.jpg
50078,AHZ2000w9g,150.5621092,2.3414086,COSMOS,1,C:/Users/oryan/Documents/zoobot/hubble-dataset-creation/cutouts/20108717.jpg
50733,AHZ2000wrn,150.485784,2.444511,COSMOS,1,C:/Users/oryan/Documents/zoobot/hubble-dataset-creation/cutouts/20110490.jpg
51182,AHZ2000x44,150.5465521,2.3544532,COSMOS,1,C:/Users/oryan/Documents/zoobot/hubble-dataset-creation/cutouts/20111537.jpg
51352,AHZ2000x8u,150.5269899,2.3178377,COSMOS,1,C:/Users/oryan/Documents/zoobot/hubble-dataset-creation/cutouts/20111766.jpg
51489,AHZ2000xcn,150.3929843,2.3606783,COSMOS,1,C:/Users/oryan/Documents/zoobot/hubble-dataset-creation/cutouts/20112425.jpg
51491,AHZ2000xcp,150.4542213,2.3603684,COSMOS,1,C:/Users/oryan/Documents/zoobot/hubble-dataset-creation/cutouts/20112428.jpg
51644,AHZ2000xgy,150.4722837,2.3246547,COSMOS,1,C:/Users/oryan/Documents/zoobot/hubble-dataset-creation/cutouts/20112645.jpg
51853,AHZ2000xmr,150.3892774,2.4448965,COSMOS,1,C:/Users/oryan/Documents/zoobot/hubble-dataset-creation/cutouts/20113495.jpg
52129,AHZ2000xuf,150.3740494,2.3867009,COSMOS,1,C:/Users/oryan/Documents/zoobot/hubble-dataset-creation/cutouts/20113881.jpg
52260,AHZ2000xy2,150.2393979,2.4386183,COSMOS,1,C:/Users/oryan/Documents/zoobot/hubble-dataset-creation/cutouts/20114536.jpg
52261,AHZ2000xy3,150.2547476,2.438547,COSMOS,1,C:/Users/oryan/Documents/zoobot/hubble-dataset-creation/cutouts/20114537.jpg
52472,AHZ2000y3y,150.2420573,2.3980719,COSMOS,1,C:/Users/oryan/Documents/zoobot/hubble-dataset-creation/cutouts/20114821.jpg
52801,AHZ2000yd3,150.3939393,2.3176681,COSMOS,1,C:/Users/oryan/Documents/zoobot/hubble-dataset-creation/cutouts/20115744.jpg
52861,AHZ2000yer,150.3301775,2.3038514,COSMOS,1,C:/Users/oryan/Documents/zoobot/hubble-dataset-creation/cutouts/20115834.jpg
52911,AHZ2000yg5,150.3684899,2.3667457,COSMOS,1,C:/Users/oryan/Documents/zoobot/hubble-dataset-creation/cutouts/20115970.jpg
53190,AHZ2000ynw,150.2751358,2.312311,COSMOS,1,C:/Users/oryan/Documents/zoobot/hubble-dataset-creation/cutouts/20116800.jpg
53248,AHZ2000ypi,150.250178,2.2939589,COSMOS,1,C:/Users/oryan/Documents/zoobot/hubble-dataset-creation/cutouts/20116890.jpg
53429,AHZ2000yuj,150.1706964,2.4100588,COSMOS,1,C:/Users/oryan/Documents/zoobot/hubble-dataset-creation/cutouts/20117691.jpg
53461,AHZ2000yvf,150.1731153,2.4041984,COSMOS,1,C:/Users/oryan/Documents/zoobot/hubble-dataset-creation/cutouts/20117727.jpg
54636,AHZ2000zs2,150.0758083,2.2994317,COSMOS,1,C:/Users/oryan/Documents/zoobot/hubble-dataset-creation/cutouts/20120641.jpg
54648,AHZ2000zse,150.0684285,2.2978538,COSMOS,1,C:/Users/oryan/Documents/zoobot/hubble-dataset-creation/cutouts/20120655.jpg
54781,AHZ2000zw3,150.0364579,2.439321,COSMOS,1,C:/Users/oryan/Documents/zoobot/hubble-dataset-creation/cutouts/20121321.jpg
54867,AHZ2000zyh,149.9806023,2.4208038,COSMOS,1,C:/Users/oryan/Documents/zoobot/hubble-dataset-creation/cutouts/20121425.jpg
55807,AHZ20010ol,150.032559,2.2935919,COSMOS,1,C:/Users/oryan/Documents/zoobot/hubble-dataset-creation/cutouts/20123556.jpg
56288,AHZ200111y,149.8580682,2.4360166,COSMOS,1,C:/Users/oryan/Documents/zoobot/hubble-dataset-creation/cutouts/20125277.jpg
56315,AHZ200112p,149.8229041,2.4283905,COSMOS,1,C:/Users/oryan/Documents/zoobot/hubble-dataset-creation/cutouts/20125313.jpg
56424,AHZ200115q,149.8529118,2.4022955,COSMOS,1,C:/Users/oryan/Documents/zoobot/hubble-dataset-creation/cutouts/20125443.jpg
56534,AHZ200118s,149.8578119,2.3780578,COSMOS,1,C:/Users/oryan/Documents/zoobot/hubble-dataset-creation/cutouts/20125587.jpg
56611,AHZ20011ax,149.7593076,2.4339695,COSMOS,1,C:/Users/oryan/Documents/zoobot/hubble-dataset-creation/cutouts/20126154.jpg
56752,AHZ20011eu,149.8057567,2.3995657,COSMOS,1,C:/Users/oryan/Documents/zoobot/hubble-dataset-creation/cutouts/20126340.jpg
56999,AHZ20011lp,149.8873346,2.3421059,COSMOS,1,C:/Users/oryan/Documents/zoobot/hubble-dataset-creation/cutouts/20127040.jpg
57696,AHZ2001252,149.6568709,2.4336074,COSMOS,1,C:/Users/oryan/Documents/zoobot/hubble-dataset-creation/cutouts/20129133.jpg
59399,AHZ20013gd,149.5268297,2.4557833,COSMOS,1,C:/Users/oryan/Documents/zoobot/hubble-dataset-creation/cutouts/20133085.jpg
60034,AHZ20013y0,150.6573804,2.6024254,COSMOS,1,C:/Users/oryan/Documents/zoobot/hubble-dataset-creation/cutouts/20135015.jpg
60203,AHZ200142p,150.6611045,2.5613114,COSMOS,1,C:/Users/oryan/Documents/zoobot/hubble-dataset-creation/cutouts/20135260.jpg
60495,AHZ20014at,150.5685442,2.5720611,COSMOS,1,C:/Users/oryan/Documents/zoobot/hubble-dataset-creation/cutouts/20136091.jpg
60512,AHZ20014ba,150.6349895,2.5672073,COSMOS,1,C:/Users/oryan/Documents/zoobot/hubble-dataset-creation/cutouts/20136114.jpg
60992,AHZ20014om,150.6372411,2.5206351,COSMOS,1,C:/Users/oryan/Documents/zoobot/hubble-dataset-creation/cutouts/20137610.jpg
61243,AHZ20014vl,150.6355697,2.4715036,COSMOS,1,C:/Users/oryan/Documents/zoobot/hubble-dataset-creation/cutouts/20137960.jpg
61247,AHZ20014vp,150.6144924,2.4697888,COSMOS,1,C:/Users/oryan/Documents/zoobot/hubble-dataset-creation/cutouts/20137969.jpg
61322,AHZ20014xs,150.5856129,2.5416745,COSMOS,1,C:/Users/oryan/Documents/zoobot/hubble-dataset-creation/cutouts/20138064.jpg
61336,AHZ20014y6,150.6284686,2.5321254,COSMOS,1,C:/Users/oryan/Documents/zoobot/hubble-dataset-creation/cutouts/20138235.jpg
61399,AHZ20014zx,150.5427237,2.6058892,COSMOS,1,C:/Users/oryan/Documents/zoobot/hubble-dataset-creation/cutouts/20138678.jpg
62027,AHZ20015hd,150.4586752,2.5607371,COSMOS,1,C:/Users/oryan/Documents/zoobot/hubble-dataset-creation/cutouts/20140071.jpg
62036,AHZ20015hm,150.4543322,2.5591795,COSMOS,1,C:/Users/oryan/Documents/zoobot/hubble-dataset-creation/cutouts/20140083.jpg
62111,AHZ20015jp,150.4476804,2.5466157,COSMOS,1,C:/Users/oryan/Documents/zoobot/hubble-dataset-creation/cutouts/20140189.jpg
62181,AHZ20015ln,150.4820086,2.5248288,COSMOS,1,C:/Users/oryan/Documents/zoobot/hubble-dataset-creation/cutouts/20140721.jpg
62201,AHZ20015m7,150.5518325,2.5415917,COSMOS,1,C:/Users/oryan/Documents/zoobot/hubble-dataset-creation/cutouts/20140756.jpg
63110,AHZ20016bg,150.3741165,2.5750016,COSMOS,1,C:/Users/oryan/Documents/zoobot/hubble-dataset-creation/cutouts/20143047.jpg
63177,AHZ20016db,150.3255379,2.6217416,COSMOS,1,C:/Users/oryan/Documents/zoobot/hubble-dataset-creation/cutouts/20143134.jpg
64266,AHZ200177k,150.2664437,2.5369431,COSMOS,1,C:/Users/oryan/Documents/zoobot/hubble-dataset-creation/cutouts/20145986.jpg
64307,AHZ200178p,150.280992,2.4718254,COSMOS,1,C:/Users/oryan/Documents/zoobot/hubble-dataset-creation/cutouts/20146044.jpg
65138,AHZ20017vs,150.1306924,2.5572467,COSMOS,1,C:/Users/oryan/Documents/zoobot/hubble-dataset-creation/cutouts/20148136.jpg
65212,AHZ20017xu,150.1154964,2.621114,COSMOS,1,C:/Users/oryan/Documents/zoobot/hubble-dataset-creation/cutouts/20148281.jpg
65289,AHZ20017zz,150.1665325,2.5216752,COSMOS,1,C:/Users/oryan/Documents/zoobot/hubble-dataset-creation/cutouts/20148781.jpg
65295,AHZ2001805,150.1655035,2.521188,COSMOS,1,C:/Users/oryan/Documents/zoobot/hubble-dataset-creation/cutouts/20148790.jpg
67460,AHZ20019oa,149.9205661,2.4880996,COSMOS,1,C:/Users/oryan/Documents/zoobot/hubble-dataset-creation/cutouts/20153976.jpg
67671,AHZ20019u5,149.8435556,2.6064789,COSMOS,1,C:/Users/oryan/Documents/zoobot/hubble-dataset-creation/cutouts/20154644.jpg
67871,AHZ20019zp,149.8320967,2.5695278,COSMOS,1,C:/Users/oryan/Documents/zoobot/hubble-dataset-creation/cutouts/20154889.jpg
69007,AHZ2001av9,149.7545478,2.5229452,COSMOS,1,C:/Users/oryan/Documents/zoobot/hubble-dataset-creation/cutouts/20158039.jpg
69388,AHZ2001b5u,149.6372563,2.5648857,COSMOS,1,C:/Users/oryan/Documents/zoobot/hubble-dataset-creation/cutouts/20158720.jpg
70412,AHZ2001bya,149.5332362,2.5451811,COSMOS,1,C:/Users/oryan/Documents/zoobot/hubble-dataset-creation/cutouts/20161154.jpg
70494,AHZ2001c0k,149.5224549,2.609265,COSMOS,1,C:/Users/oryan/Documents/zoobot/hubble-dataset-creation/cutouts/20161524.jpg
71473,AHZ2001crr,150.6745192,2.7517674,COSMOS,1,C:/Users/oryan/Documents/zoobot/hubble-dataset-creation/cutouts/20164141.jpg
71622,AHZ2001cvw,150.6654591,2.7186498,COSMOS,1,C:/Users/oryan/Documents/zoobot/hubble-dataset-creation/cutouts/20164310.jpg
71886,AHZ2001d38,150.6160237,2.7916911,COSMOS,1,C:/Users/oryan/Documents/zoobot/hubble-dataset-creation/cutouts/20164892.jpg
71936,AHZ2001d4m,150.6440449,2.7413636,COSMOS,1,C:/Users/oryan/Documents/zoobot/hubble-dataset-creation/cutouts/20164961.jpg
73041,AHZ2001dzb,150.5001025,2.7873206,COSMOS,1,C:/Users/oryan/Documents/zoobot/hubble-dataset-creation/cutouts/20167503.jpg
73463,AHZ2001eb1,150.4299799,2.7167154,COSMOS,1,C:/Users/oryan/Documents/zoobot/hubble-dataset-creation/cutouts/20168576.jpg
73515,AHZ2001ech,150.4334265,2.7813795,COSMOS,1,C:/Users/oryan/Documents/zoobot/hubble-dataset-creation/cutouts/20168839.jpg
73839,AHZ2001elh,150.4797512,2.6366836,COSMOS,1,C:/Users/oryan/Documents/zoobot/hubble-dataset-creation/cutouts/20169573.jpg
73851,AHZ2001elt,150.5203517,2.6349464,COSMOS,1,C:/Users/oryan/Documents/zoobot/hubble-dataset-creation/cutouts/20169586.jpg
74508,AHZ2001f42,150.3494112,2.7146404,COSMOS,1,C:/Users/oryan/Documents/zoobot/hubble-dataset-creation/cutouts/20171325.jpg
74667,AHZ2001f8h,150.2704302,2.7715414,COSMOS,1,C:/Users/oryan/Documents/zoobot/hubble-dataset-creation/cutouts/20171778.jpg
75066,AHZ2001fjk,150.3399197,2.6706977,COSMOS,1,C:/Users/oryan/Documents/zoobot/hubble-dataset-creation/cutouts/20172789.jpg
75288,AHZ2001fpq,150.3376086,2.6632042,COSMOS,1,C:/Users/oryan/Documents/zoobot/hubble-dataset-creation/cutouts/20173344.jpg
75655,AHZ2001fzx,150.1594041,2.7727466,COSMOS,1,C:/Users/oryan/Documents/zoobot/hubble-dataset-creation/cutouts/20174522.jpg
75863,AHZ2001g5p,150.192737,2.7225664,COSMOS,1,C:/Users/oryan/Documents/zoobot/hubble-dataset-creation/cutouts/20174811.jpg
75964,AHZ2001g8i,150.1893148,2.7811804,COSMOS,1,C:/Users/oryan/Documents/zoobot/hubble-dataset-creation/cutouts/20175275.jpg
76290,AHZ2001ghk,150.080494,2.7805598,COSMOS,1,C:/Users/oryan/Documents/zoobot/hubble-dataset-creation/cutouts/20175891.jpg
76600,AHZ2001gq6,150.1735884,2.6262171,COSMOS,1,C:/Users/oryan/Documents/zoobot/hubble-dataset-creation/cutouts/20176477.jpg
76764,AHZ2001guq,150.1005344,2.6795042,COSMOS,1,C:/Users/oryan/Documents/zoobot/hubble-dataset-creation/cutouts/20177295.jpg
77292,AHZ2001h9e,150.0323068,2.7677982,COSMOS,1,C:/Users/oryan/Documents/zoobot/hubble-dataset-creation/cutouts/20178642.jpg
77688,AHZ2001hke,150.0226779,2.6829853,COSMOS,1,C:/Users/oryan/Documents/zoobot/hubble-dataset-creation/cutouts/20179634.jpg
77979,AHZ2001hsh,150.0531388,2.6981688,COSMOS,1,C:/Users/oryan/Documents/zoobot/hubble-dataset-creation/cutouts/20180207.jpg
77982,AHZ2001hsk,149.9981979,2.6980573,COSMOS,1,C:/Users/oryan/Documents/zoobot/hubble-dataset-creation/cutouts/20180229.jpg
78400,AHZ2001i46,149.943858,2.674233,COSMOS,1,C:/Users/oryan/Documents/zoobot/hubble-dataset-creation/cutouts/20181329.jpg
79540,AHZ2001izu,149.8098095,2.6304519,COSMOS,1,C:/Users/oryan/Documents/zoobot/hubble-dataset-creation/cutouts/20184323.jpg
80434,AHZ2001joo,149.6466024,2.6962236,COSMOS,1,C:/Users/oryan/Documents/zoobot/hubble-dataset-creation/cutouts/20186886.jpg
80899,AHZ2001k1l,149.5566068,2.7181374,COSMOS,1,C:/Users/oryan/Documents/zoobot/hubble-dataset-creation/cutouts/20188079.jpg
81868,AHZ2001ksi,150.5281576,2.8257718,COSMOS,1,C:/Users/oryan/Documents/zoobot/hubble-dataset-creation/cutouts/20190945.jpg
82025,AHZ2001kwv,150.5008943,2.857477,COSMOS,1,C:/Users/oryan/Documents/zoobot/hubble-dataset-creation/cutouts/20191165.jpg
82100,AHZ2001kyy,150.4511039,2.848295,COSMOS,1,C:/Users/oryan/Documents/zoobot/hubble-dataset-creation/cutouts/20191709.jpg
82684,AHZ2001lf6,150.2914702,2.8318344,COSMOS,1,C:/Users/oryan/Documents/zoobot/hubble-dataset-creation/cutouts/20193329.jpg
82771,AHZ2001lhl,150.2344793,2.8160215,COSMOS,1,C:/Users/oryan/Documents/zoobot/hubble-dataset-creation/cutouts/20193439.jpg
82938,AHZ2001lm8,150.2537675,2.8384673,COSMOS,1,C:/Users/oryan/Documents/zoobot/hubble-dataset-creation/cutouts/20194034.jpg
82994,AHZ2001lns,150.2090994,2.851087,COSMOS,1,C:/Users/oryan/Documents/zoobot/hubble-dataset-creation/cutouts/20194157.jpg
83101,AHZ2001lqr,150.1912797,2.8228482,COSMOS,1,C:/Users/oryan/Documents/zoobot/hubble-dataset-creation/cutouts/20194311.jpg
83300,AHZ2001lwa,150.1787277,2.8586623,COSMOS,1,C:/Users/oryan/Documents/zoobot/hubble-dataset-creation/cutouts/20194840.jpg
83471,AHZ2001m11,150.0992865,2.8156618,COSMOS,1,C:/Users/oryan/Documents/zoobot/hubble-dataset-creation/cutouts/20195208.jpg
83693,AHZ2001m77,150.0599025,2.8567986,COSMOS,1,C:/Users/oryan/Documents/zoobot/hubble-dataset-creation/cutouts/20195958.jpg
84032,AHZ2001mgm,149.7940663,2.8827924,COSMOS,1,C:/Users/oryan/Documents/zoobot/hubble-dataset-creation/cutouts/20196936.jpg
84443,AHZ2001ms1,149.726098,2.815041,COSMOS,1,C:/Users/oryan/Documents/zoobot/hubble-dataset-creation/cutouts/20197903.jpg
84884,AHZ2001n4a,149.6158843,2.8216599,COSMOS,1,C:/Users/oryan/Documents/zoobot/hubble-dataset-creation/cutouts/20199168.jpg
85124,AHZ2001nay,149.5123123,2.8244396,COSMOS,1,C:/Users/oryan/Documents/zoobot/hubble-dataset-creation/cutouts/20199901.jpg
85248,AHZ2001nee,149.5436319,2.8571929,COSMOS,1,C:/Users/oryan/Documents/zoobot/hubble-dataset-creation/cutouts/20200328.jpg
85716,AHZ2001nre,149.6325193,2.1115006,COSMOS,1,C:/Users/oryan/Documents/zoobot/hubble-dataset-creation/cutouts/20245305.jpg
86121,AHZ2001o2n,149.7765229,2.3444866,COSMOS,1,C:/Users/oryan/Documents/zoobot/hubble-dataset-creation/cutouts/20275837.jpg
86342,AHZ2001o8s,149.6809057,2.4793901,COSMOS,1,C:/Users/oryan/Documents/zoobot/hubble-dataset-creation/cutouts/20294528.jpg
86360,AHZ2001o9a,149.6823968,2.4732398,COSMOS,1,C:/Users/oryan/Documents/zoobot/hubble-dataset-creation/cutouts/20294551.jpg
86390,AHZ2001oa4,149.5719302,2.5545013,COSMOS,1,C:/Users/oryan/Documents/zoobot/hubble-dataset-creation/cutouts/20294585.jpg
93682,AHZ40005d8,53.3738379,-27.624108,GEMS,1,C:/Users/oryan/Documents/zoobot/hubble-dataset-creation/cutouts/90030765.jpg
94082,AHZ40005oc,53.2001481,-27.6138878,GEMS,1,C:/Users/oryan/Documents/zoobot/hubble-dataset-creation/cutouts/90031951.jpg
21255,AHZ2000a0t,150.5397963,1.8599308,COSMOS,0,C:/Users/oryan/Documents/zoobot/hubble-dataset-creation/cutouts/20032378.jpg
62212,AHZ20015mi,150.5513051,2.5164624,COSMOS,0,C:/Users/oryan/Documents/zoobot/hubble-dataset-creation/cutouts/20140770.jpg
92480,AHZ40004fu,53.3382963,-27.6488491,GEMS,0,C:/Users/oryan/Documents/zoobot/hubble-dataset-creation/cutouts/90024807.jpg
51098,AHZ2000x1s,150.3960066,2.3775469,COSMOS,0,C:/Users/oryan/Documents/zoobot/hubble-dataset-creation/cutouts/20111013.jpg
3215,AHZ10002hc,214.4793569,52.6369211,AEGIS,0,C:/Users/oryan/Documents/zoobot/hubble-dataset-creation/cutouts/12020656.jpg
24103,AHZ2000c7x,150.1329059,1.8592185,COSMOS,0,C:/Users/oryan/Documents/zoobot/hubble-dataset-creation/cutouts/20040388.jpg
64355,AHZ20017a1,150.2590469,2.4614084,COSMOS,0,C:/Users/oryan/Documents/zoobot/hubble-dataset-creation/cutouts/20146113.jpg
90241,AHZ40002pn,53.2655657,-27.8672799,GEMS,0,C:/Users/oryan/Documents/zoobot/hubble-dataset-creation/cutouts/90018196.jpg
40549,AHZ2000owr,150.4803928,2.1342449,COSMOS,0,C:/Users/oryan/Documents/zoobot/hubble-dataset-creation/cutouts/20084554.jpg
81758,AHZ2001kpg,150.6425177,2.838376,COSMOS,0,C:/Users/oryan/Documents/zoobot/hubble-dataset-creation/cutouts/20190792.jpg
37937,AHZ2000mw7,149.5244402,1.9883011,COSMOS,0,C:/Users/oryan/Documents/zoobot/hubble-dataset-creation/cutouts/20077910.jpg
52488,AHZ2000y4e,150.2767057,2.3952785,COSMOS,0,C:/Users/oryan/Documents/zoobot/hubble-dataset-creation/cutouts/20114841.jpg
20578,AHZ20009i0,150.4332133,1.9436296,COSMOS,0,C:/Users/oryan/Documents/zoobot/hubble-dataset-creation/cutouts/20030629.jpg
65788,AHZ20018du,150.0635251,2.4981253,COSMOS,0,C:/Users/oryan/Documents/zoobot/hubble-dataset-creation/cutouts/20149900.jpg
45042,AHZ2000sdk,149.9053048,2.19898,COSMOS,0,C:/Users/oryan/Documents/zoobot/hubble-dataset-creation/cutouts/20095967.jpg
78404,AHZ2001i4a,149.9670073,2.6964005,COSMOS,0,C:/Users/oryan/Documents/zoobot/hubble-dataset-creation/cutouts/20181379.jpg
50662,AHZ2000wpo,150.4959198,2.3802313,COSMOS,0,C:/Users/oryan/Documents/zoobot/hubble-dataset-creation/cutouts/20109959.jpg
38203,AHZ2000n3l,150.7477731,2.2590585,COSMOS,0,C:/Users/oryan/Documents/zoobot/hubble-dataset-creation/cutouts/20078866.jpg
73193,AHZ2001e3j,150.4756281,2.7635918,COSMOS,0,C:/Users/oryan/Documents/zoobot/hubble-dataset-creation/cutouts/20168246.jpg
79718,AHZ2001j4s,149.6756743,2.7432794,COSMOS,0,C:/Users/oryan/Documents/zoobot/hubble-dataset-creation/cutouts/20184906.jpg
12505,AHZ200039r,150.2520178,1.7631729,COSMOS,0,C:/Users/oryan/Documents/zoobot/hubble-dataset-creation/cutouts/20010781.jpg
55405,AHZ20010df,149.907487,2.4212812,COSMOS,0,C:/Users/oryan/Documents/zoobot/hubble-dataset-creation/cutouts/20122762.jpg
34738,AHZ2000kfc,150.0545696,1.9721772,COSMOS,0,C:/Users/oryan/Documents/zoobot/hubble-dataset-creation/cutouts/20068812.jpg
62417,AHZ20015s7,150.5162833,2.4729323,COSMOS,0,C:/Users/oryan/Documents/zoobot/hubble-dataset-creation/cutouts/20141059.jpg
54349,AHZ2000zk3,150.2234686,2.3071392,COSMOS,0,C:/Users/oryan/Documents/zoobot/hubble-dataset-creation/cutouts/20120159.jpg
5978,AHZ10004m3,214.8857141,52.9914349,AEGIS,0,C:/Users/oryan/Documents/zoobot/hubble-dataset-creation/cutouts/13027159.jpg
16409,AHZ20006a7,149.7273447,1.7113083,COSMOS,0,C:/Users/oryan/Documents/zoobot/hubble-dataset-creation/cutouts/20020259.jpg
50037,AHZ2000w8b,150.6383815,2.3534593,COSMOS,0,C:/Users/oryan/Documents/zoobot/hubble-dataset-creation/cutouts/20108651.jpg
94451,AHZ40005yl,53.3603728,-27.5871234,GEMS,0,C:/Users/oryan/Documents/zoobot/hubble-dataset-creation/cutouts/90030428.jpg
81039,AHZ2001k5h,149.5541492,2.6746982,COSMOS,0,C:/Users/oryan/Documents/zoobot/hubble-dataset-creation/cutouts/20188688.jpg
49414,AHZ2000vr0,150.5916931,2.4218757,COSMOS,0,C:/Users/oryan/Documents/zoobot/hubble-dataset-creation/cutouts/20107192.jpg
75529,AHZ2001fwf,150.29207,2.6378315,COSMOS,0,C:/Users/oryan/Documents/zoobot/hubble-dataset-creation/cutouts/20173869.jpg
56237,AHZ200110j,149.9519802,2.3129483,COSMOS,0,C:/Users/oryan/Documents/zoobot/hubble-dataset-creation/cutouts/20125139.jpg
42960,AHZ2000qrq,150.1639726,2.187362,COSMOS,0,C:/Users/oryan/Documents/zoobot/hubble-dataset-creation/cutouts/20091152.jpg
55995,AHZ20010tt,149.9503771,2.3382517,COSMOS,0,C:/Users/oryan/Documents/zoobot/hubble-dataset-creation/cutouts/20124354.jpg
6764,AHZ100057x,215.294224,53.0905355,AEGIS,0,C:/Users/oryan/Documents/zoobot/hubble-dataset-creation/cutouts/13041522.jpg
25448,AHZ2000d9a,149.7791402,1.9334457,COSMOS,0,C:/Users/oryan/Documents/zoobot/hubble-dataset-creation/cutouts/20044341.jpg
35564,AHZ2000l2a,149.7276369,2.1082879,COSMOS,0,C:/Users/oryan/Documents/zoobot/hubble-dataset-creation/cutouts/20071329.jpg
62758,AHZ200161o,150.4270379,2.4849666,COSMOS,0,C:/Users/oryan/Documents/zoobot/hubble-dataset-creation/cutouts/20142077.jpg
33340,AHZ2000jci,150.0715288,2.1185517,COSMOS,0,C:/Users/oryan/Documents/zoobot/hubble-dataset-creation/cutouts/20064909.jpg
9311,AHZ20000t1,149.8390256,1.6020029,COSMOS,0,C:/Users/oryan/Documents/zoobot/hubble-dataset-creation/cutouts/20002658.jpg
72103,AHZ2001d99,150.5901997,2.7308177,COSMOS,0,C:/Users/oryan/Documents/zoobot/hubble-dataset-creation/cutouts/20165531.jpg
13333,AHZ20003wr,150.2310399,1.7024175,COSMOS,0,C:/Users/oryan/Documents/zoobot/hubble-dataset-creation/cutouts/20012759.jpg
55912,AHZ20010ri,149.9715657,2.3553743,COSMOS,0,C:/Users/oryan/Documents/zoobot/hubble-dataset-creation/cutouts/20124236.jpg
46188,AHZ2000t9e,149.7345084,2.1808626,COSMOS,0,C:/Users/oryan/Documents/zoobot/hubble-dataset-creation/cutouts/20099103.jpg
32982,AHZ2000j2k,150.2249996,2.047035,COSMOS,0,C:/Users/oryan/Documents/zoobot/hubble-dataset-creation/cutouts/20063949.jpg
75730,AHZ2001g20,150.1773789,2.7563324,COSMOS,0,C:/Users/oryan/Documents/zoobot/hubble-dataset-creation/cutouts/20174625.jpg
91438,AHZ40003mw,53.0089899,-27.7978032,GEMS,0,C:/Users/oryan/Documents/zoobot/hubble-dataset-creation/cutouts/90019794.jpg
83134,AHZ2001lro,150.1752562,2.8168657,COSMOS,0,C:/Users/oryan/Documents/zoobot/hubble-dataset-creation/cutouts/20194350.jpg
31721,AHZ2000i3j,150.248777,2.0727687,COSMOS,0,C:/Users/oryan/Documents/zoobot/hubble-dataset-creation/cutouts/20060769.jpg
79731,AHZ2001j55,149.6530901,2.7398486,COSMOS,0,C:/Users/oryan/Documents/zoobot/hubble-dataset-creation/cutouts/20184923.jpg
90273,AHZ40002qj,53.318519,-27.8807861,GEMS,0,C:/Users/oryan/Documents/zoobot/hubble-dataset-creation/cutouts/90020094.jpg
38724,AHZ2000ni2,150.6147457,2.2310335,COSMOS,0,C:/Users/oryan/Documents/zoobot/hubble-dataset-creation/cutouts/20079842.jpg
13041,AHZ20003on,150.3796221,1.6274288,COSMOS,0,C:/Users/oryan/Documents/zoobot/hubble-dataset-creation/cutouts/20011917.jpg
15930,AHZ20005ww,149.8913844,1.760722,COSMOS,0,C:/Users/oryan/Documents/zoobot/hubble-dataset-creation/cutouts/20019221.jpg
11100,AHZ200026q,150.6269399,1.6919496,COSMOS,0,C:/Users/oryan/Documents/zoobot/hubble-dataset-creation/cutouts/20006985.jpg
33943,AHZ2000jt9,150.0828261,2.0333773,COSMOS,0,C:/Users/oryan/Documents/zoobot/hubble-dataset-creation/cutouts/20066627.jpg
71235,AHZ2001cl5,150.731953,2.6588044,COSMOS,0,C:/Users/oryan/Documents/zoobot/hubble-dataset-creation/cutouts/20163609.jpg
3388,AHZ10002m5,214.7444017,52.7113947,AEGIS,0,C:/Users/oryan/Documents/zoobot/hubble-dataset-creation/cutouts/12023861.jpg
66730,AHZ2001940,149.9607911,2.5588515,COSMOS,0,C:/Users/oryan/Documents/zoobot/hubble-dataset-creation/cutouts/20152064.jpg
92967,AHZ40004td,52.9955325,-27.7330563,GEMS,0,C:/Users/oryan/Documents/zoobot/hubble-dataset-creation/cutouts/90028566.jpg
34993,AHZ2000kmf,149.9511729,1.9789377,COSMOS,0,C:/Users/oryan/Documents/zoobot/hubble-dataset-creation/cutouts/20069545.jpg
62436,AHZ20015sq,150.5037532,2.467494,COSMOS,0,C:/Users/oryan/Documents/zoobot/hubble-dataset-creation/cutouts/20141091.jpg
85746,AHZ2001ns8,149.4774768,2.0545249,COSMOS,0,C:/Users/oryan/Documents/zoobot/hubble-dataset-creation/cutouts/20247515.jpg
36808,AHZ2000m0u,149.6170936,2.1195286,COSMOS,0,C:/Users/oryan/Documents/zoobot/hubble-dataset-creation/cutouts/20074539.jpg
70037,AHZ2001bnv,149.5726325,2.4843596,COSMOS,0,C:/Users/oryan/Documents/zoobot/hubble-dataset-creation/cutouts/20160292.jpg
75626,AHZ2001fz4,150.2468576,2.6265741,COSMOS,0,C:/Users/oryan/Documents/zoobot/hubble-dataset-creation/cutouts/20174472.jpg
48130,AHZ2000urc,149.5232068,2.2515964,COSMOS,0,C:/Users/oryan/Documents/zoobot/hubble-dataset-creation/cutouts/20104112.jpg
71742,AHZ2001cz8,150.6543291,2.7750246,COSMOS,0,C:/Users/oryan/Documents/zoobot/hubble-dataset-creation/cutouts/20164690.jpg
68810,AHZ2001aps,149.7860366,2.4900143,COSMOS,0,C:/Users/oryan/Documents/zoobot/hubble-dataset-creation/cutouts/20157399.jpg
15721,AHZ20005r3,149.9015552,1.6554369,COSMOS,0,C:/Users/oryan/Documents/zoobot/hubble-dataset-creation/cutouts/20018517.jpg
32506,AHZ2000ipc,150.2711444,1.9868016,COSMOS,0,C:/Users/oryan/Documents/zoobot/hubble-dataset-creation/cutouts/20062808.jpg
13668,AHZ2000462,150.2254579,1.788902,COSMOS,0,C:/Users/oryan/Documents/zoobot/hubble-dataset-creation/cutouts/20013604.jpg
35908,AHZ2000lbu,149.7892961,2.0219529,COSMOS,0,C:/Users/oryan/Documents/zoobot/hubble-dataset-creation/cutouts/20072490.jpg
40796,AHZ2000p3m,150.4069819,2.1578893,COSMOS,0,C:/Users/oryan/Documents/zoobot/hubble-dataset-creation/cutouts/20085376.jpg
83421,AHZ2001lzn,150.0998892,2.8288827,COSMOS,0,C:/Users/oryan/Documents/zoobot/hubble-dataset-creation/cutouts/20195140.jpg
39948,AHZ2000og2,150.4041373,2.2622464,COSMOS,0,C:/Users/oryan/Documents/zoobot/hubble-dataset-creation/cutouts/20083123.jpg
11364,AHZ20002e2,150.5123702,1.7463207,COSMOS,0,C:/Users/oryan/Documents/zoobot/hubble-dataset-creation/cutouts/20007590.jpg
54418,AHZ2000zm0,150.087451,2.3717183,COSMOS,0,C:/Users/oryan/Documents/zoobot/hubble-dataset-creation/cutouts/20120339.jpg
26572,AHZ2000e4i,149.6994096,1.942485,COSMOS,0,C:/Users/oryan/Documents/zoobot/hubble-dataset-creation/cutouts/20047430.jpg
71859,AHZ2001d2h,150.5820702,2.7618851,COSMOS,0,C:/Users/oryan/Documents/zoobot/hubble-dataset-creation/cutouts/20164851.jpg
23668,AHZ2000bvu,150.2150132,1.8117393,COSMOS,0,C:/Users/oryan/Documents/zoobot/hubble-dataset-creation/cutouts/20038889.jpg
70744,AHZ2001c7i,149.4882598,2.5362759,COSMOS,0,C:/Users/oryan/Documents/zoobot/hubble-dataset-creation/cutouts/20162040.jpg
47167,AHZ2000u0l,149.6224236,2.2924544,COSMOS,0,C:/Users/oryan/Documents/zoobot/hubble-dataset-creation/cutouts/20101340.jpg
83086,AHZ2001lqc,150.2218918,2.8280154,COSMOS,0,C:/Users/oryan/Documents/zoobot/hubble-dataset-creation/cutouts/20194280.jpg
58350,AHZ20012n8,149.558653,2.4611123,COSMOS,0,C:/Users/oryan/Documents/zoobot/hubble-dataset-creation/cutouts/20130425.jpg
455,AHZ10000co,214.8162497,52.7292008,AEGIS,0,C:/Users/oryan/Documents/zoobot/hubble-dataset-creation/cutouts/10104154.jpg
39431,AHZ2000o1p,150.5639666,2.127169,COSMOS,0,C:/Users/oryan/Documents/zoobot/hubble-dataset-creation/cutouts/20081519.jpg
40958,AHZ2000p84,150.406734,2.1905717,COSMOS,0,C:/Users/oryan/Documents/zoobot/hubble-dataset-creation/cutouts/20085727.jpg
39597,AHZ2000o6b,150.4901325,2.2537919,COSMOS,0,C:/Users/oryan/Documents/zoobot/hubble-dataset-creation/cutouts/20082214.jpg
3929,AHZ1000316,214.8417384,52.7528062,AEGIS,0,C:/Users/oryan/Documents/zoobot/hubble-dataset-creation/cutouts/12028027.jpg
16415,AHZ20006ad,149.7289906,1.7852625,COSMOS,0,C:/Users/oryan/Documents/zoobot/hubble-dataset-creation/cutouts/20020269.jpg
88471,AHZ40001ch,53.0032062,-27.9703165,GEMS,0,C:/Users/oryan/Documents/zoobot/hubble-dataset-creation/cutouts/90013459.jpg
23652,AHZ2000bve,150.227054,1.814028,COSMOS,0,C:/Users/oryan/Documents/zoobot/hubble-dataset-creation/cutouts/20038872.jpg
30176,AHZ2000gwm,150.4616299,2.0850146,COSMOS,0,C:/Users/oryan/Documents/zoobot/hubble-dataset-creation/cutouts/20056903.jpg
6386,AHZ10004xf,215.1122374,53.0140686,AEGIS,0,C:/Users/oryan/Documents/zoobot/hubble-dataset-creation/cutouts/13034396.jpg
44328,AHZ2000rtq,149.959797,2.2126956,COSMOS,0,C:/Users/oryan/Documents/zoobot/hubble-dataset-creation/cutouts/20094007.jpg
88607,AHZ40001g9,52.9549101,-27.9784295,GEMS,0,C:/Users/oryan/Documents/zoobot/hubble-dataset-creation/cutouts/90012133.jpg
41580,AHZ2000ppe,150.2890127,2.2937327,COSMOS,0,C:/Users/oryan/Documents/zoobot/hubble-dataset-creation/cutouts/20087480.jpg
29258,AHZ2000g74,150.7143666,2.0303352,COSMOS,0,C:/Users/oryan/Documents/zoobot/hubble-dataset-creation/cutouts/20054378.jpg
66529,AHZ20018yf,149.9218809,2.5988852,COSMOS,0,C:/Users/oryan/Documents/zoobot/hubble-dataset-creation/cutouts/20151800.jpg
14086,AHZ20004ho,150.2027898,1.6760864,COSMOS,0,C:/Users/oryan/Documents/zoobot/hubble-dataset-creation/cutouts/20014615.jpg
11725,AHZ20002o3,150.4149151,1.7783932,COSMOS,0,C:/Users/oryan/Documents/zoobot/hubble-dataset-creation/cutouts/20008628.jpg
84505,AHZ2001mtr,149.7417256,2.7993,COSMOS,0,C:/Users/oryan/Documents/zoobot/hubble-dataset-creation/cutouts/20197987.jpg
87077,AHZ400009r,52.9665463,-28.0341049,GEMS,0,C:/Users/oryan/Documents/zoobot/hubble-dataset-creation/cutouts/90000292.jpg
88169,AHZ4000143,53.1890167,-27.9362185,GEMS,0,C:/Users/oryan/Documents/zoobot/hubble-dataset-creation/cutouts/90008826.jpg
45370,AHZ2000smo,149.8342741,2.2141651,COSMOS,0,C:/Users/oryan/Documents/zoobot/hubble-dataset-creation/cutouts/20096592.jpg
62133,AHZ20015kb,150.4271619,2.6181325,COSMOS,0,C:/Users/oryan/Documents/zoobot/hubble-dataset-creation/cutouts/20140237.jpg
85671,AHZ2001nq5,150.030859,2.036848,COSMOS,0,C:/Users/oryan/Documents/zoobot/hubble-dataset-creation/cutouts/20241219.jpg
43042,AHZ2000qu0,150.2118176,2.163861,COSMOS,0,C:/Users/oryan/Documents/zoobot/hubble-dataset-creation/cutouts/20091259.jpg
40322,AHZ2000oqg,150.4995019,2.1793768,COSMOS,0,C:/Users/oryan/Documents/zoobot/hubble-dataset-creation/cutouts/20084237.jpg
29140,AHZ2000g3u,150.7169171,1.9879789,COSMOS,0,C:/Users/oryan/Documents/zoobot/hubble-dataset-creation/cutouts/20054205.jpg
56064,AHZ20010vq,149.9217722,2.3223317,COSMOS,0,C:/Users/oryan/Documents/zoobot/hubble-dataset-creation/cutouts/20124455.jpg
54790,AHZ2000zwc,150.0181469,2.4371759,COSMOS,0,C:/Users/oryan/Documents/zoobot/hubble-dataset-creation/cutouts/20121330.jpg
56585,AHZ20011a7,149.8136315,2.4470497,COSMOS,0,C:/Users/oryan/Documents/zoobot/hubble-dataset-creation/cutouts/20126096.jpg
56103,AHZ20010wt,149.9693863,2.3130913,COSMOS,0,C:/Users/oryan/Documents/zoobot/hubble-dataset-creation/cutouts/20124521.jpg
76603,AHZ2001gq9,150.1480666,2.6255876,COSMOS,0,C:/Users/oryan/Documents/zoobot/hubble-dataset-creation/cutouts/20176482.jpg
25888,AHZ2000dli,149.8889978,1.8087217,COSMOS,0,C:/Users/oryan/Documents/zoobot/hubble-dataset-creation/cutouts/20045374.jpg
9752,AHZ200015a,149.5896235,1.6157205,COSMOS,0,C:/Users/oryan/Documents/zoobot/hubble-dataset-creation/cutouts/20003865.jpg
12747,AHZ20003gh,150.2708557,1.7828595,COSMOS,0,C:/Users/oryan/Documents/zoobot/hubble-dataset-creation/cutouts/20011311.jpg
27127,AHZ2000ejx,149.7127961,1.8033618,COSMOS,0,C:/Users/oryan/Documents/zoobot/hubble-dataset-creation/cutouts/20048791.jpg
75618,AHZ2001fyw,150.2659338,2.6899022,COSMOS,0,C:/Users/oryan/Documents/zoobot/hubble-dataset-creation/cutouts/20174395.jpg
56208,AHZ20010zq,149.9765934,2.367582,COSMOS,0,C:/Users/oryan/Documents/zoobot/hubble-dataset-creation/cutouts/20124757.jpg
34514,AHZ2000k94,149.9278449,2.0559601,COSMOS,0,C:/Users/oryan/Documents/zoobot/hubble-dataset-creation/cutouts/20068037.jpg
19523,AHZ20008op,150.5612486,1.92806,COSMOS,0,C:/Users/oryan/Documents/zoobot/hubble-dataset-creation/cutouts/20028067.jpg
39875,AHZ2000oe1,150.5375004,2.2792236,COSMOS,0,C:/Users/oryan/Documents/zoobot/hubble-dataset-creation/cutouts/20082982.jpg
62736,AHZ2001612,150.4315476,2.489043,COSMOS,0,C:/Users/oryan/Documents/zoobot/hubble-dataset-creation/cutouts/20142050.jpg
83734,AHZ2001m8c,150.0546976,2.8691445,COSMOS,0,C:/Users/oryan/Documents/zoobot/hubble-dataset-creation/cutouts/20196120.jpg
50988,AHZ2000wyq,150.4129851,2.4003552,COSMOS,0,C:/Users/oryan/Documents/zoobot/hubble-dataset-creation/cutouts/20110857.jpg
45517,AHZ2000sqr,149.7954413,2.2685092,COSMOS,0,C:/Users/oryan/Documents/zoobot/hubble-dataset-creation/cutouts/20097231.jpg
26588,AHZ2000e4y,149.6608891,1.9391231,COSMOS,0,C:/Users/oryan/Documents/zoobot/hubble-dataset-creation/cutouts/20047567.jpg
88694,AHZ40001io,53.2708384,-27.9119195,GEMS,0,C:/Users/oryan/Documents/zoobot/hubble-dataset-creation/cutouts/90007349.jpg
74195,AHZ2001evd,150.4437465,2.6289629,COSMOS,0,C:/Users/oryan/Documents/zoobot/hubble-dataset-creation/cutouts/20170502.jpg
83072,AHZ2001lpy,150.2003551,2.8298632,COSMOS,0,C:/Users/oryan/Documents/zoobot/hubble-dataset-creation/cutouts/20194264.jpg
265,AHZ100007e,215.3452261,53.0887228,AEGIS,0,C:/Users/oryan/Documents/zoobot/hubble-dataset-creation/cutouts/10033994.jpg
41921,AHZ2000pyv,150.3512045,2.1997533,COSMOS,0,C:/Users/oryan/Documents/zoobot/hubble-dataset-creation/cutouts/20088406.jpg
16354,AHZ200068o,149.7930128,1.7262165,COSMOS,0,C:/Users/oryan/Documents/zoobot/hubble-dataset-creation/cutouts/20020181.jpg
36285,AHZ2000lmb,149.6720136,2.084834,COSMOS,0,C:/Users/oryan/Documents/zoobot/hubble-dataset-creation/cutouts/20073447.jpg
95087,AHZ40006g9,53.0503063,-28.0120496,GEMS,0,C:/Users/oryan/Documents/zoobot/hubble-dataset-creation/cutouts/90005465.jpg
17896,AHZ20007fi,149.7046341,1.6939855,COSMOS,0,C:/Users/oryan/Documents/zoobot/hubble-dataset-creation/cutouts/20024269.jpg
22803,AHZ2000b7t,150.2287257,1.8020061,COSMOS,0,C:/Users/oryan/Documents/zoobot/hubble-dataset-creation/cutouts/20036321.jpg
10303,AHZ20001kl,150.670362,1.7837606,COSMOS,0,C:/Users/oryan/Documents/zoobot/hubble-dataset-creation/cutouts/20005090.jpg
70925,AHZ2001ccj,149.4475491,2.4748401,COSMOS,0,C:/Users/oryan/Documents/zoobot/hubble-dataset-creation/cutouts/20162742.jpg
83468,AHZ2001m0y,150.0788483,2.816234,COSMOS,0,C:/Users/oryan/Documents/zoobot/hubble-dataset-creation/cutouts/20195201.jpg
25798,AHZ2000dj0,149.8149714,1.7918538,COSMOS,0,C:/Users/oryan/Documents/zoobot/hubble-dataset-creation/cutouts/20045253.jpg
67824,AHZ20019ye,149.8545627,2.5768331,COSMOS,0,C:/Users/oryan/Documents/zoobot/hubble-dataset-creation/cutouts/20154827.jpg
87920,AHZ40000x6,53.2888275,-28.0484451,GEMS,0,C:/Users/oryan/Documents/zoobot/hubble-dataset-creation/cutouts/90003345.jpg
65476,AHZ2001856,150.2204194,2.485367,COSMOS,0,C:/Users/oryan/Documents/zoobot/hubble-dataset-creation/cutouts/20149037.jpg
43097,AHZ2000qvj,150.2249605,2.1498546,COSMOS,0,C:/Users/oryan/Documents/zoobot/hubble-dataset-creation/cutouts/20091327.jpg
64376,AHZ20017am,150.2666739,2.5326573,COSMOS,0,C:/Users/oryan/Documents/zoobot/hubble-dataset-creation/cutouts/20146204.jpg
50976,AHZ2000wye,150.446126,2.4028445,COSMOS,0,C:/Users/oryan/Documents/zoobot/hubble-dataset-creation/cutouts/20110839.jpg
1499,AHZ100015o,214.4103943,52.4761619,AEGIS,0,C:/Users/oryan/Documents/zoobot/hubble-dataset-creation/cutouts/12008159.jpg
23195,AHZ2000bip,150.1359563,1.9325933,COSMOS,0,C:/Users/oryan/Documents/zoobot/hubble-dataset-creation/cutouts/20037794.jpg
53767,AHZ2000z3x,150.0677412,2.4244176,COSMOS,0,C:/Users/oryan/Documents/zoobot/hubble-dataset-creation/cutouts/20118526.jpg
38213,AHZ2000n3v,150.740649,2.2480841,COSMOS,0,C:/Users/oryan/Documents/zoobot/hubble-dataset-creation/cutouts/20078881.jpg
21831,AHZ2000agt,150.3517464,1.8881399,COSMOS,0,C:/Users/oryan/Documents/zoobot/hubble-dataset-creation/cutouts/20033649.jpg
55484,AHZ20010fm,150.0292916,2.3516869,COSMOS,0,C:/Users/oryan/Documents/zoobot/hubble-dataset-creation/cutouts/20123155.jpg
10636,AHZ20001tu,150.5641057,1.775915,COSMOS,0,C:/Users/oryan/Documents/zoobot/hubble-dataset-creation/cutouts/20005898.jpg
32206,AHZ2000ih0,150.386769,1.9666269,COSMOS,0,C:/Users/oryan/Documents/zoobot/hubble-dataset-creation/cutouts/20061957.jpg
15077,AHZ2000597,149.9402807,1.753776,COSMOS,0,C:/Users/oryan/Documents/zoobot/hubble-dataset-creation/cutouts/20016804.jpg
75803,AHZ2001g41,150.1480727,2.7367148,COSMOS,0,C:/Users/oryan/Documents/zoobot/hubble-dataset-creation/cutouts/20174722.jpg
49256,AHZ2000vmm,150.6640952,2.4410984,COSMOS,0,C:/Users/oryan/Documents/zoobot/hubble-dataset-creation/cutouts/20106884.jpg
621,AHZ10000ha,214.3273477,52.4622121,AEGIS,0,C:/Users/oryan/Documents/zoobot/hubble-dataset-creation/cutouts/10109813.jpg
37586,AHZ2000mmg,149.49806,2.0605336,COSMOS,0,C:/Users/oryan/Documents/zoobot/hubble-dataset-creation/cutouts/20076983.jpg
74135,AHZ2001etp,150.4570332,2.6453868,COSMOS,0,C:/Users/oryan/Documents/zoobot/hubble-dataset-creation/cutouts/20170420.jpg
36995,AHZ2000m61,149.7008119,1.9805771,COSMOS,0,C:/Users/oryan/Documents/zoobot/hubble-dataset-creation/cutouts/20075247.jpg
52042,AHZ2000xs0,150.3561394,2.4035481,COSMOS,0,C:/Users/oryan/Documents/zoobot/hubble-dataset-creation/cutouts/20113776.jpg
59763,AHZ20013qh,149.5160774,2.3583465,COSMOS,0,C:/Users/oryan/Documents/zoobot/hubble-dataset-creation/cutouts/20134301.jpg
3414,AHZ10002mv,214.7489666,52.702106,AEGIS,0,C:/Users/oryan/Documents/zoobot/hubble-dataset-creation/cutouts/12023971.jpg
68298,AHZ2001abk,149.801214,2.5483017,COSMOS,0,C:/Users/oryan/Documents/zoobot/hubble-dataset-creation/cutouts/20155871.jpg
27139,AHZ2000ek9,149.6913944,1.8006683,COSMOS,0,C:/Users/oryan/Documents/zoobot/hubble-dataset-creation/cutouts/20048804.jpg
27048,AHZ2000ehq,149.6780692,1.8261759,COSMOS,0,C:/Users/oryan/Documents/zoobot/hubble-dataset-creation/cutouts/20048683.jpg
88035,AHZ400010d,52.842946,-27.9748353,GEMS,0,C:/Users/oryan/Documents/zoobot/hubble-dataset-creation/cutouts/90009931.jpg
40467,AHZ2000ouh,150.4991726,2.1451313,COSMOS,0,C:/Users/oryan/Documents/zoobot/hubble-dataset-creation/cutouts/20084456.jpg
89060,AHZ40001su,53.0153031,-27.9839995,GEMS,0,C:/Users/oryan/Documents/zoobot/hubble-dataset-creation/cutouts/90012131.jpg
39445,AHZ2000o23,150.5652606,2.2003726,COSMOS,0,C:/Users/oryan/Documents/zoobot/hubble-dataset-creation/cutouts/20081621.jpg
78323,AHZ2001i21,149.9741942,2.6342397,COSMOS,0,C:/Users/oryan/Documents/zoobot/hubble-dataset-creation/cutouts/20181023.jpg
17979,AHZ20007ht,149.5653856,1.6670521,COSMOS,0,C:/Users/oryan/Documents/zoobot/hubble-dataset-creation/cutouts/20024381.jpg
49650,AHZ2000vxk,150.5995173,2.4528689,COSMOS,0,C:/Users/oryan/Documents/zoobot/hubble-dataset-creation/cutouts/20107582.jpg
27580,AHZ2000ewi,149.5575092,1.9139296,COSMOS,0,C:/Users/oryan/Documents/zoobot/hubble-dataset-creation/cutouts/20050061.jpg
79140,AHZ2001ioq,149.8519396,2.6590488,COSMOS,0,C:/Users/oryan/Documents/zoobot/hubble-dataset-creation/cutouts/20183383.jpg
93216,AHZ400050a,52.9803583,-27.5932133,GEMS,0,C:/Users/oryan/Documents/zoobot/hubble-dataset-creation/cutouts/90033760.jpg
61692,AHZ2001582,150.5475762,2.5538009,COSMOS,0,C:/Users/oryan/Documents/zoobot/hubble-dataset-creation/cutouts/20139081.jpg
32615,AHZ2000isd,150.2939045,1.9609168,COSMOS,0,C:/Users/oryan/Documents/zoobot/hubble-dataset-creation/cutouts/20062955.jpg
50750,AHZ2000ws4,150.4671015,2.439958,COSMOS,0,C:/Users/oryan/Documents/zoobot/hubble-dataset-creation/cutouts/20110541.jpg
6920,AHZ10005c9,215.2171485,53.1134476,AEGIS,0,C:/Users/oryan/Documents/zoobot/hubble-dataset-creation/cutouts/13042210.jpg
95392,AHZ40006oq,53.0205521,-28.0372896,GEMS,0,C:/Users/oryan/Documents/zoobot/hubble-dataset-creation/cutouts/90003405.jpg
20306,AHZ20009ag,150.4947055,1.936283,COSMOS,0,C:/Users/oryan/Documents/zoobot/hubble-dataset-creation/cutouts/20029900.jpg
50731,AHZ2000wrl,150.4836827,2.4449675,COSMOS,0,C:/Users/oryan/Documents/zoobot/hubble-dataset-creation/cutouts/20110474.jpg
16528,AHZ20006di,149.8852291,1.6705559,COSMOS,0,C:/Users/oryan/Documents/zoobot/hubble-dataset-creation/cutouts/20020797.jpg
15219,AHZ20005d5,149.9208399,1.7823425,COSMOS,0,C:/Users/oryan/Documents/zoobot/hubble-dataset-creation/cutouts/20017111.jpg
15131,AHZ20005ap,149.9338825,1.7333915,COSMOS,0,C:/Users/oryan/Documents/zoobot/hubble-dataset-creation/cutouts/20016881.jpg
3239,AHZ10002i0,214.5049593,52.6759811,AEGIS,0,C:/Users/oryan/Documents/zoobot/hubble-dataset-creation/cutouts/12020716.jpg
10237,AHZ20001ir,150.7107877,1.7208754,COSMOS,0,C:/Users/oryan/Documents/zoobot/hubble-dataset-creation/cutouts/20004982.jpg
56037,AHZ20010uz,149.8949365,2.329083,COSMOS,0,C:/Users/oryan/Documents/zoobot/hubble-dataset-creation/cutouts/20124418.jpg
95136,AHZ40006hm,53.1748602,-27.6182773,GEMS,0,C:/Users/oryan/Documents/zoobot/hubble-dataset-creation/cutouts/90032937.jpg
85491,AHZ2001nl5,150.0845444,1.8856356,COSMOS,0,C:/Users/oryan/Documents/zoobot/hubble-dataset-creation/cutouts/20223115.jpg
87620,AHZ40000ou,53.097563,-28.0524491,GEMS,0,C:/Users/oryan/Documents/zoobot/hubble-dataset-creation/cutouts/90003843.jpg
73294,AHZ2001e6c,150.473195,2.7501853,COSMOS,0,C:/Users/oryan/Documents/zoobot/hubble-dataset-creation/cutouts/20168358.jpg
81218,AHZ2001kag,149.4852084,2.6273186,COSMOS,0,C:/Users/oryan/Documents/zoobot/hubble-dataset-creation/cutouts/20188941.jpg
59477,AHZ20013ij,149.5156152,2.4486027,COSMOS,0,C:/Users/oryan/Documents/zoobot/hubble-dataset-creation/cutouts/20133548.jpg
74874,AHZ2001fe8,150.3053877,2.786923,COSMOS,0,C:/Users/oryan/Documents/zoobot/hubble-dataset-creation/cutouts/20172065.jpg
46348,AHZ2000tdu,149.7831954,2.1476372,COSMOS,0,C:/Users/oryan/Documents/zoobot/hubble-dataset-creation/cutouts/20099307.jpg
45795,AHZ2000syh,149.7318551,2.286855,COSMOS,0,C:/Users/oryan/Documents/zoobot/hubble-dataset-creation/cutouts/20097655.jpg
72288,AHZ2001dee,150.6910799,2.6315819,COSMOS,0,C:/Users/oryan/Documents/zoobot/hubble-dataset-creation/cutouts/20165876.jpg
25756,AHZ2000dhu,149.8257963,1.8392903,COSMOS,0,C:/Users/oryan/Documents/zoobot/hubble-dataset-creation/cutouts/20045200.jpg
49778,AHZ2000w14,150.6735195,2.3233242,COSMOS,0,C:/Users/oryan/Documents/zoobot/hubble-dataset-creation/cutouts/20108108.jpg
88827,AHZ40001md,53.2452724,-27.9341274,GEMS,0,C:/Users/oryan/Documents/zoobot/hubble-dataset-creation/cutouts/90008706.jpg
22332,AHZ2000auq,150.3532462,1.8475913,COSMOS,0,C:/Users/oryan/Documents/zoobot/hubble-dataset-creation/cutouts/20035214.jpg
48595,AHZ2000v49,150.7540344,2.4125921,COSMOS,0,C:/Users/oryan/Documents/zoobot/hubble-dataset-creation/cutouts/20105495.jpg
26455,AHZ2000e19,149.7244343,1.8970644,COSMOS,0,C:/Users/oryan/Documents/zoobot/hubble-dataset-creation/cutouts/20046940.jpg
60307,AHZ200145l,150.68346,2.6138942,COSMOS,0,C:/Users/oryan/Documents/zoobot/hubble-dataset-creation/cutouts/20135638.jpg
5957,AHZ10004li,215.0241741,52.9527662,AEGIS,0,C:/Users/oryan/Documents/zoobot/hubble-dataset-creation/cutouts/13026881.jpg
56296,AHZ2001126,149.8939461,2.4340925,COSMOS,0,C:/Users/oryan/Documents/zoobot/hubble-dataset-creation/cutouts/20125291.jpg
3933,AHZ100031a,214.8308773,52.7472088,AEGIS,0,C:/Users/oryan/Documents/zoobot/hubble-dataset-creation/cutouts/12028038.jpg
43241,AHZ2000qzj,150.2130052,2.1938077,COSMOS,0,C:/Users/oryan/Documents/zoobot/hubble-dataset-creation/cutouts/20091698.jpg
8771,AHZ20000e1,150.2912584,1.617178,COSMOS,0,C:/Users/oryan/Documents/zoobot/hubble-dataset-creation/cutouts/20001388.jpg
40575,AHZ2000oxh,150.5445656,2.1283568,COSMOS,0,C:/Users/oryan/Documents/zoobot/hubble-dataset-creation/cutouts/20084587.jpg
10713,AHZ20001vz,150.7039487,1.6606047,COSMOS,0,C:/Users/oryan/Documents/zoobot/hubble-dataset-creation/cutouts/20005989.jpg
66451,AHZ20018w9,149.9068848,2.6137396,COSMOS,0,C:/Users/oryan/Documents/zoobot/hubble-dataset-creation/cutouts/20151696.jpg
16489,AHZ20006cf,149.8599729,1.6820335,COSMOS,0,C:/Users/oryan/Documents/zoobot/hubble-dataset-creation/cutouts/20020737.jpg
30845,AHZ2000hf7,150.479377,2.0295878,COSMOS,0,C:/Users/oryan/Documents/zoobot/hubble-dataset-creation/cutouts/20058614.jpg
70518,AHZ2001c18,149.4585439,2.5621515,COSMOS,0,C:/Users/oryan/Documents/zoobot/hubble-dataset-creation/cutouts/20161559.jpg
1461,AHZ100014m,214.3875133,52.4763067,AEGIS,0,C:/Users/oryan/Documents/zoobot/hubble-dataset-creation/cutouts/12008034.jpg
20719,AHZ20009lx,150.4378413,1.9588131,COSMOS,0,C:/Users/oryan/Documents/zoobot/hubble-dataset-creation/cutouts/20030809.jpg
18401,AHZ20007tj,149.508506,1.788979,COSMOS,0,C:/Users/oryan/Documents/zoobot/hubble-dataset-creation/cutouts/20025198.jpg
588,AHZ10000gd,214.3192532,52.4363044,AEGIS,0,C:/Users/oryan/Documents/zoobot/hubble-dataset-creation/cutouts/10109774.jpg
78311,AHZ2001i1p,149.9368209,2.6356935,COSMOS,0,C:/Users/oryan/Documents/zoobot/hubble-dataset-creation/cutouts/20181010.jpg
44149,AHZ2000ror,149.9176992,2.2480103,COSMOS,0,C:/Users/oryan/Documents/zoobot/hubble-dataset-creation/cutouts/20093778.jpg
23241,AHZ2000bjz,150.0838256,1.9210365,COSMOS,0,C:/Users/oryan/Documents/zoobot/hubble-dataset-creation/cutouts/20037845.jpg
45595,AHZ2000ssx,149.8073244,2.2488622,COSMOS,0,C:/Users/oryan/Documents/zoobot/hubble-dataset-creation/cutouts/20097344.jpg
59141,AHZ2001397,149.5783763,2.3609292,COSMOS,0,C:/Users/oryan/Documents/zoobot/hubble-dataset-creation/cutouts/20132695.jpg
59798,AHZ20013rg,149.4676129,2.3418329,COSMOS,0,C:/Users/oryan/Documents/zoobot/hubble-dataset-creation/cutouts/20134454.jpg
27138,AHZ2000ek8,149.665168,1.8008605,COSMOS,0,C:/Users/oryan/Documents/zoobot/hubble-dataset-creation/cutouts/20048803.jpg
47033,AHZ2000twv,149.5781662,2.2439855,COSMOS,0,C:/Users/oryan/Documents/zoobot/hubble-dataset-creation/cutouts/20101161.jpg
58311,AHZ20012m5,149.560685,2.3940117,COSMOS,0,C:/Users/oryan/Documents/zoobot/hubble-dataset-creation/cutouts/20130368.jpg
43684,AHZ2000rbu,150.062155,2.2687993,COSMOS,0,C:/Users/oryan/Documents/zoobot/hubble-dataset-creation/cutouts/20092707.jpg
1372,AHZ1000125,214.4331862,52.4599152,AEGIS,0,C:/Users/oryan/Documents/zoobot/hubble-dataset-creation/cutouts/12007814.jpg
40139,AHZ2000old,150.476242,2.2872096,COSMOS,0,C:/Users/oryan/Documents/zoobot/hubble-dataset-creation/cutouts/20083384.jpg
58674,AHZ20012w8,149.6940175,2.3107281,COSMOS,0,C:/Users/oryan/Documents/zoobot/hubble-dataset-creation/cutouts/20131246.jpg
63610,AHZ20016pc,150.2736614,2.6142352,COSMOS,0,C:/Users/oryan/Documents/zoobot/hubble-dataset-creation/cutouts/20144396.jpg
56317,AHZ200112r,149.8923413,2.458198,COSMOS,0,C:/Users/oryan/Documents/zoobot/hubble-dataset-creation/cutouts/20125315.jpg
3282,AHZ10002j7,214.3989437,52.6322519,AEGIS,0,C:/Users/oryan/Documents/zoobot/hubble-dataset-creation/cutouts/12020857.jpg
18168,AHZ20007n2,149.5786756,1.6897631,COSMOS,0,C:/Users/oryan/Documents/zoobot/hubble-dataset-creation/cutouts/20024870.jpg
41992,AHZ2000q0u,150.2598506,2.1817834,COSMOS,0,C:/Users/oryan/Documents/zoobot/hubble-dataset-creation/cutouts/20088982.jpg
67428,AHZ20019ne,149.9240476,2.5384388,COSMOS,0,C:/Users/oryan/Documents/zoobot/hubble-dataset-creation/cutouts/20153940.jpg
27508,AHZ2000eui,149.5259459,1.9304686,COSMOS,0,C:/Users/oryan/Documents/zoobot/hubble-dataset-creation/cutouts/20049976.jpg
12701,AHZ20003f7,150.279594,1.7167395,COSMOS,0,C:/Users/oryan/Documents/zoobot/hubble-dataset-creation/cutouts/20011040.jpg
7372,AHZ10005ot,215.2734006,53.1652291,AEGIS,0,C:/Users/oryan/Documents/zoobot/hubble-dataset-creation/cutouts/13049729.jpg
65063,AHZ20017tp,150.0626203,2.5696205,COSMOS,0,C:/Users/oryan/Documents/zoobot/hubble-dataset-creation/cutouts/20148050.jpg
73056,AHZ2001dzq,150.5122592,2.786814,COSMOS,0,C:/Users/oryan/Documents/zoobot/hubble-dataset-creation/cutouts/20167525.jpg
24716,AHZ2000coy,150.0228991,1.8277187,COSMOS,0,C:/Users/oryan/Documents/zoobot/hubble-dataset-creation/cutouts/20042054.jpg
3869,AHZ10002zi,214.8700286,52.7643404,AEGIS,0,C:/Users/oryan/Documents/zoobot/hubble-dataset-creation/cutouts/12027809.jpg
15280,AHZ20005eu,149.9824869,1.6859725,COSMOS,0,C:/Users/oryan/Documents/zoobot/hubble-dataset-creation/cutouts/20017471.jpg
46733,AHZ2000toj,149.6816949,2.2396099,COSMOS,0,C:/Users/oryan/Documents/zoobot/hubble-dataset-creation/cutouts/20100363.jpg
53780,AHZ2000z4a,150.0707583,2.4213056,COSMOS,0,C:/Users/oryan/Documents/zoobot/hubble-dataset-creation/cutouts/20118540.jpg
47579,AHZ2000uc1,149.601995,2.1803439,COSMOS,0,C:/Users/oryan/Documents/zoobot/hubble-dataset-creation/cutouts/20102715.jpg
79013,AHZ2001il7,149.7640936,2.7771543,COSMOS,0,C:/Users/oryan/Documents/zoobot/hubble-dataset-creation/cutouts/20183217.jpg
22921,AHZ2000bb3,150.1927437,1.9301627,COSMOS,0,C:/Users/oryan/Documents/zoobot/hubble-dataset-creation/cutouts/20036972.jpg
73070,AHZ2001e04,150.5308618,2.712087,COSMOS,0,C:/Users/oryan/Documents/zoobot/hubble-dataset-creation/cutouts/20167549.jpg
61238,AHZ20014vg,150.5984465,2.4727811,COSMOS,0,C:/Users/oryan/Documents/zoobot/hubble-dataset-creation/cutouts/20137955.jpg
67018,AHZ20019c0,150.0390666,2.4883522,COSMOS,0,C:/Users/oryan/Documents/zoobot/hubble-dataset-creation/cutouts/20152855.jpg
84782,AHZ2001n1g,149.6775454,2.8342387,COSMOS,0,C:/Users/oryan/Documents/zoobot/hubble-dataset-creation/cutouts/20199028.jpg
11891,AHZ20002sp,150.4966996,1.6255593,COSMOS,0,C:/Users/oryan/Documents/zoobot/hubble-dataset-creation/cutouts/20008867.jpg
6414,AHZ10004y7,215.0531592,53.0214279,AEGIS,0,C:/Users/oryan/Documents/zoobot/hubble-dataset-creation/cutouts/13034506.jpg
75992,AHZ2001g9a,150.0883762,2.7666131,COSMOS,0,C:/Users/oryan/Documents/zoobot/hubble-dataset-creation/cutouts/20175371.jpg
73310,AHZ2001e6s,150.445563,2.7484577,COSMOS,0,C:/Users/oryan/Documents/zoobot/hubble-dataset-creation/cutouts/20168376.jpg
23533,AHZ2000bs3,150.204221,1.8452298,COSMOS,0,C:/Users/oryan/Documents/zoobot/hubble-dataset-creation/cutouts/20038694.jpg
39398,AHZ2000o0s,150.6381287,2.1347222,COSMOS,0,C:/Users/oryan/Documents/zoobot/hubble-dataset-creation/cutouts/20081475.jpg
67321,AHZ20019kf,149.8994567,2.5118496,COSMOS,0,C:/Users/oryan/Documents/zoobot/hubble-dataset-creation/cutouts/20153797.jpg
95081,AHZ40006g3,53.0638019,-28.033767,GEMS,0,C:/Users/oryan/Documents/zoobot/hubble-dataset-creation/cutouts/90005200.jpg
19097,AHZ20008cv,150.7867956,1.8546194,COSMOS,0,C:/Users/oryan/Documents/zoobot/hubble-dataset-creation/cutouts/20027324.jpg
32646,AHZ2000it8,150.2553314,2.0323295,COSMOS,0,C:/Users/oryan/Documents/zoobot/hubble-dataset-creation/cutouts/20063250.jpg
88606,AHZ40001g8,53.3229777,-27.9203784,GEMS,0,C:/Users/oryan/Documents/zoobot/hubble-dataset-creation/cutouts/90007400.jpg
56790,AHZ20011fw,149.7922708,2.390243,COSMOS,0,C:/Users/oryan/Documents/zoobot/hubble-dataset-creation/cutouts/20126385.jpg
78443,AHZ2001i5d,149.8400537,2.7749423,COSMOS,0,C:/Users/oryan/Documents/zoobot/hubble-dataset-creation/cutouts/20181612.jpg
43916,AHZ2000ria,150.0563503,2.2214021,COSMOS,0,C:/Users/oryan/Documents/zoobot/hubble-dataset-creation/cutouts/20093017.jpg
91724,AHZ40003uu,53.3169603,-27.650749,GEMS,0,C:/Users/oryan/Documents/zoobot/hubble-dataset-creation/cutouts/90028504.jpg
30526,AHZ2000h6c,150.514709,2.0141559,COSMOS,0,C:/Users/oryan/Documents/zoobot/hubble-dataset-creation/cutouts/20057759.jpg
84774,AHZ2001n18,149.6600172,2.8369821,COSMOS,0,C:/Users/oryan/Documents/zoobot/hubble-dataset-creation/cutouts/20199014.jpg
33237,AHZ2000j9n,150.1221599,2.0638905,COSMOS,0,C:/Users/oryan/Documents/zoobot/hubble-dataset-creation/cutouts/20064776.jpg
14985,AHZ200056n,150.0344976,1.7581565,COSMOS,0,C:/Users/oryan/Documents/zoobot/hubble-dataset-creation/cutouts/20016482.jpg
59532,AHZ20013k2,149.5355126,2.3399319,COSMOS,0,C:/Users/oryan/Documents/zoobot/hubble-dataset-creation/cutouts/20133701.jpg
94212,AHZ40005ry,53.2273757,-27.6442603,GEMS,0,C:/Users/oryan/Documents/zoobot/hubble-dataset-creation/cutouts/90030940.jpg
74857,AHZ2001fdr,150.2600545,2.7310348,COSMOS,0,C:/Users/oryan/Documents/zoobot/hubble-dataset-creation/cutouts/20172037.jpg
25332,AHZ2000d62,149.8614408,1.8920382,COSMOS,0,C:/Users/oryan/Documents/zoobot/hubble-dataset-creation/cutouts/20043734.jpg
61299,AHZ20014x5,150.56946,2.4619154,COSMOS,0,C:/Users/oryan/Documents/zoobot/hubble-dataset-creation/cutouts/20138032.jpg
92621,AHZ40004jr,52.9669901,-27.701617,GEMS,0,C:/Users/oryan/Documents/zoobot/hubble-dataset-creation/cutouts/90029441.jpg
49097,AHZ2000vi7,150.7108945,2.399942,COSMOS,0,C:/Users/oryan/Documents/zoobot/hubble-dataset-creation/cutouts/20106489.jpg
76670,AHZ2001gs4,150.0599813,2.6957236,COSMOS,0,C:/Users/oryan/Documents/zoobot/hubble-dataset-creation/cutouts/20177086.jpg
35052,AHZ2000ko2,149.9070597,2.0343806,COSMOS,0,C:/Users/oryan/Documents/zoobot/hubble-dataset-creation/cutouts/20069683.jpg
51006,AHZ2000wz8,150.4147512,2.3964046,COSMOS,0,C:/Users/oryan/Documents/zoobot/hubble-dataset-creation/cutouts/20110882.jpg
85244,AHZ2001nea,149.5591786,2.8591289,COSMOS,0,C:/Users/oryan/Documents/zoobot/hubble-dataset-creation/cutouts/20200284.jpg
39153,AHZ2000ntz,150.5995124,2.1894121,COSMOS,0,C:/Users/oryan/Documents/zoobot/hubble-dataset-creation/cutouts/20081151.jpg
47281,AHZ2000u3r,149.6545698,2.1852116,COSMOS,0,C:/Users/oryan/Documents/zoobot/hubble-dataset-creation/cutouts/20101850.jpg
58402,AHZ20012oo,149.5684502,2.4472939,COSMOS,0,C:/Users/oryan/Documents/zoobot/hubble-dataset-creation/cutouts/20130764.jpg
40103,AHZ2000okd,150.4118472,2.2256241,COSMOS,0,C:/Users/oryan/Documents/zoobot/hubble-dataset-creation/cutouts/20083336.jpg
65482,AHZ200185c,150.1746652,2.4845063,COSMOS,0,C:/Users/oryan/Documents/zoobot/hubble-dataset-creation/cutouts/20149045.jpg
18100,AHZ20007l6,149.6225283,1.6911768,COSMOS,0,C:/Users/oryan/Documents/zoobot/hubble-dataset-creation/cutouts/20024587.jpg
8790,AHZ20000ek,150.2919664,1.6092345,COSMOS,0,C:/Users/oryan/Documents/zoobot/hubble-dataset-creation/cutouts/20001414.jpg
15421,AHZ20005ir,149.9963903,1.651686,COSMOS,0,C:/Users/oryan/Documents/zoobot/hubble-dataset-creation/cutouts/20017678.jpg
80569,AHZ2001jsf,149.6340956,2.6465651,COSMOS,0,C:/Users/oryan/Documents/zoobot/hubble-dataset-creation/cutouts/20187243.jpg
49945,AHZ2000w5r,150.7065865,2.3354164,COSMOS,0,C:/Users/oryan/Documents/zoobot/hubble-dataset-creation/cutouts/20108433.jpg
95400,AHZ40006oy,53.0318951,-28.0356791,GEMS,0,C:/Users/oryan/Documents/zoobot/hubble-dataset-creation/cutouts/90001977.jpg
83683,AHZ2001m6x,150.0469429,2.8619246,COSMOS,0,C:/Users/oryan/Documents/zoobot/hubble-dataset-creation/cutouts/20195904.jpg
64512,AHZ20017ee,150.187179,2.592914,COSMOS,0,C:/Users/oryan/Documents/zoobot/hubble-dataset-creation/cutouts/20146867.jpg
78712,AHZ2001icu,149.8718787,2.7815779,COSMOS,0,C:/Users/oryan/Documents/zoobot/hubble-dataset-creation/cutouts/20182410.jpg
62007,AHZ20015gt,150.4076655,2.5624646,COSMOS,0,C:/Users/oryan/Documents/zoobot/hubble-dataset-creation/cutouts/20140045.jpg
70338,AHZ2001bw8,149.556402,2.5617579,COSMOS,0,C:/Users/oryan/Documents/zoobot/hubble-dataset-creation/cutouts/20161064.jpg
5637,AHZ10004cm,215.2055625,53.0058093,AEGIS,0,C:/Users/oryan/Documents/zoobot/hubble-dataset-creation/cutouts/13025452.jpg
87821,AHZ40000uf,53.204435,-28.0414183,GEMS,0,C:/Users/oryan/Documents/zoobot/hubble-dataset-creation/cutouts/90002990.jpg
28280,AHZ2000ffy,150.7642926,2.1064266,COSMOS,0,C:/Users/oryan/Documents/zoobot/hubble-dataset-creation/cutouts/20052160.jpg
17674,AHZ200079c,149.7285053,1.6710558,COSMOS,0,C:/Users/oryan/Documents/zoobot/hubble-dataset-creation/cutouts/20023619.jpg
41313,AHZ2000phz,150.323396,2.2817055,COSMOS,0,C:/Users/oryan/Documents/zoobot/hubble-dataset-creation/cutouts/20087005.jpg
12481,AHZ2000393,150.2647539,1.7683155,COSMOS,0,C:/Users/oryan/Documents/zoobot/hubble-dataset-creation/cutouts/20010749.jpg
87362,AHZ40000ho,52.9868845,-28.0078403,GEMS,0,C:/Users/oryan/Documents/zoobot/hubble-dataset-creation/cutouts/90001703.jpg
85039,AHZ2001n8l,149.6245872,2.8526615,COSMOS,0,C:/Users/oryan/Documents/zoobot/hubble-dataset-creation/cutouts/20199559.jpg
15652,AHZ20005p6,149.928946,1.6768869,COSMOS,0,C:/Users/oryan/Documents/zoobot/hubble-dataset-creation/cutouts/20018422.jpg
43509,AHZ2000r6z,150.1116232,2.1250329,COSMOS,0,C:/Users/oryan/Documents/zoobot/hubble-dataset-creation/cutouts/20092109.jpg
6261,AHZ10004ty,215.1385113,53.0147167,AEGIS,0,C:/Users/oryan/Documents/zoobot/hubble-dataset-creation/cutouts/13033764.jpg
90828,AHZ400035y,52.9738992,-27.7909552,GEMS,0,C:/Users/oryan/Documents/zoobot/hubble-dataset-creation/cutouts/90030010.jpg
8901,AHZ20000hn,150.178958,1.5780518,COSMOS,0,C:/Users/oryan/Documents/zoobot/hubble-dataset-creation/cutouts/20001576.jpg
54457,AHZ2000zn3,150.0743125,2.3383256,COSMOS,0,C:/Users/oryan/Documents/zoobot/hubble-dataset-creation/cutouts/20120397.jpg
2932,AHZ100029h,214.6331722,52.6679892,AEGIS,0,C:/Users/oryan/Documents/zoobot/hubble-dataset-creation/cutouts/12019829.jpg
30558,AHZ2000h78,150.5119594,2.0072851,COSMOS,0,C:/Users/oryan/Documents/zoobot/hubble-dataset-creation/cutouts/20057799.jpg
35310,AHZ2000kv8,149.824313,2.0475222,COSMOS,0,C:/Users/oryan/Documents/zoobot/hubble-dataset-creation/cutouts/20070446.jpg
81250,AHZ2001kbc,149.5008275,2.6813917,COSMOS,0,C:/Users/oryan/Documents/zoobot/hubble-dataset-creation/cutouts/20189111.jpg
72081,AHZ2001d8n,150.5984814,2.7854811,COSMOS,0,C:/Users/oryan/Documents/zoobot/hubble-dataset-creation/cutouts/20165316.jpg
52353,AHZ2000y0n,150.2800004,2.4354163,COSMOS,0,C:/Users/oryan/Documents/zoobot/hubble-dataset-creation/cutouts/20114657.jpg
43426,AHZ2000r4o,150.1393283,2.1495461,COSMOS,0,C:/Users/oryan/Documents/zoobot/hubble-dataset-creation/cutouts/20092002.jpg
21373,AHZ2000a43,150.419194,1.8719732,COSMOS,0,C:/Users/oryan/Documents/zoobot/hubble-dataset-creation/cutouts/20032528.jpg
85223,AHZ2001ndp,149.5407456,2.8744998,COSMOS,0,C:/Users/oryan/Documents/zoobot/hubble-dataset-creation/cutouts/20200041.jpg
78801,AHZ2001ifb,149.794813,2.7559734,COSMOS,0,C:/Users/oryan/Documents/zoobot/hubble-dataset-creation/cutouts/20182525.jpg
17717,AHZ20007aj,149.7042197,1.6542972,COSMOS,0,C:/Users/oryan/Documents/zoobot/hubble-dataset-creation/cutouts/20023683.jpg
53972,AHZ2000z9m,150.1426552,2.3814482,COSMOS,0,C:/Users/oryan/Documents/zoobot/hubble-dataset-creation/cutouts/20118808.jpg
77787,AHZ2001hn5,149.9988333,2.7043595,COSMOS,0,C:/Users/oryan/Documents/zoobot/hubble-dataset-creation/cutouts/20179768.jpg
51808,AHZ2000xli,150.4102602,2.3662176,COSMOS,0,C:/Users/oryan/Documents/zoobot/hubble-dataset-creation/cutouts/20113066.jpg
82467,AHZ2001l95,150.3405424,2.8192006,COSMOS,0,C:/Users/oryan/Documents/zoobot/hubble-dataset-creation/cutouts/20192684.jpg
42067,AHZ2000q2x,150.2390825,2.2064842,COSMOS,0,C:/Users/oryan/Documents/zoobot/hubble-dataset-creation/cutouts/20089098.jpg
21547,AHZ2000a8x,150.3946942,1.8005816,COSMOS,0,C:/Users/oryan/Documents/zoobot/hubble-dataset-creation/cutouts/20032772.jpg
26668,AHZ2000e76,149.5870722,1.9199824,COSMOS,0,C:/Users/oryan/Documents/zoobot/hubble-dataset-creation/cutouts/20047681.jpg
63356,AHZ20016ia,150.2987617,2.5973878,COSMOS,0,C:/Users/oryan/Documents/zoobot/hubble-dataset-creation/cutouts/20143828.jpg
