,thumbnail_path
AHZ10004js,/mmfs1/scratch/hpc/60/oryan/fromMAST/thumbnails/AHZ10004js_300_300.png
AHZ20000ak,/mmfs1/scratch/hpc/60/oryan/fromMAST/thumbnails/AHZ20000ak_300_300.png
AHZ20000f7,/mmfs1/scratch/hpc/60/oryan/fromMAST/thumbnails/AHZ20000f7_300_300.png
AHZ20000gx,/mmfs1/scratch/hpc/60/oryan/fromMAST/thumbnails/AHZ20000gx_300_300.png
AHZ20000hj,/mmfs1/scratch/hpc/60/oryan/fromMAST/thumbnails/AHZ20000hj_300_300.png
AHZ20001cd,/mmfs1/scratch/hpc/60/oryan/fromMAST/thumbnails/AHZ20001cd_300_300.png
AHZ20001y6,/mmfs1/scratch/hpc/60/oryan/fromMAST/thumbnails/AHZ20001y6_300_300.png
AHZ20001zg,/mmfs1/scratch/hpc/60/oryan/fromMAST/thumbnails/AHZ20001zg_300_300.png
AHZ2000251,/mmfs1/scratch/hpc/60/oryan/fromMAST/thumbnails/AHZ2000251_300_300.png
AHZ20002al,/mmfs1/scratch/hpc/60/oryan/fromMAST/thumbnails/AHZ20002al_300_300.png
AHZ20002de,/mmfs1/scratch/hpc/60/oryan/fromMAST/thumbnails/AHZ20002de_300_300.png
AHZ20002f2,/mmfs1/scratch/hpc/60/oryan/fromMAST/thumbnails/AHZ20002f2_300_300.png
AHZ20002na,/mmfs1/scratch/hpc/60/oryan/fromMAST/thumbnails/AHZ20002na_300_300.png
AHZ20002ta,/mmfs1/scratch/hpc/60/oryan/fromMAST/thumbnails/AHZ20002ta_300_300.png
AHZ200032f,/mmfs1/scratch/hpc/60/oryan/fromMAST/thumbnails/AHZ200032f_300_300.png
AHZ20003pg,/mmfs1/scratch/hpc/60/oryan/fromMAST/thumbnails/AHZ20003pg_300_300.png
AHZ20003s1,/mmfs1/scratch/hpc/60/oryan/fromMAST/thumbnails/AHZ20003s1_300_300.png
AHZ20003vz,/mmfs1/scratch/hpc/60/oryan/fromMAST/thumbnails/AHZ20003vz_300_300.png
AHZ2000466,/mmfs1/scratch/hpc/60/oryan/fromMAST/thumbnails/AHZ2000466_300_300.png
AHZ200048a,/mmfs1/scratch/hpc/60/oryan/fromMAST/thumbnails/AHZ200048a_300_300.png
AHZ20004ko,/mmfs1/scratch/hpc/60/oryan/fromMAST/thumbnails/AHZ20004ko_300_300.png
AHZ20004lj,/mmfs1/scratch/hpc/60/oryan/fromMAST/thumbnails/AHZ20004lj_300_300.png
AHZ20004td,/mmfs1/scratch/hpc/60/oryan/fromMAST/thumbnails/AHZ20004td_300_300.png
AHZ20004ug,/mmfs1/scratch/hpc/60/oryan/fromMAST/thumbnails/AHZ20004ug_300_300.png
AHZ20004yv,/mmfs1/scratch/hpc/60/oryan/fromMAST/thumbnails/AHZ20004yv_300_300.png
AHZ20004z6,/mmfs1/scratch/hpc/60/oryan/fromMAST/thumbnails/AHZ20004z6_300_300.png
AHZ2000536,/mmfs1/scratch/hpc/60/oryan/fromMAST/thumbnails/AHZ2000536_300_300.png
AHZ20005bp,/mmfs1/scratch/hpc/60/oryan/fromMAST/thumbnails/AHZ20005bp_300_300.png
AHZ20005my,/mmfs1/scratch/hpc/60/oryan/fromMAST/thumbnails/AHZ20005my_300_300.png
AHZ20005rx,/mmfs1/scratch/hpc/60/oryan/fromMAST/thumbnails/AHZ20005rx_300_300.png
AHZ20005sn,/mmfs1/scratch/hpc/60/oryan/fromMAST/thumbnails/AHZ20005sn_300_300.png
AHZ20005w6,/mmfs1/scratch/hpc/60/oryan/fromMAST/thumbnails/AHZ20005w6_300_300.png
AHZ200062p,/mmfs1/scratch/hpc/60/oryan/fromMAST/thumbnails/AHZ200062p_300_300.png
AHZ20006e1,/mmfs1/scratch/hpc/60/oryan/fromMAST/thumbnails/AHZ20006e1_300_300.png
AHZ20006gn,/mmfs1/scratch/hpc/60/oryan/fromMAST/thumbnails/AHZ20006gn_300_300.png
AHZ20006hx,/mmfs1/scratch/hpc/60/oryan/fromMAST/thumbnails/AHZ20006hx_300_300.png
AHZ20006ne,/mmfs1/scratch/hpc/60/oryan/fromMAST/thumbnails/AHZ20006ne_300_300.png
AHZ20006pu,/mmfs1/scratch/hpc/60/oryan/fromMAST/thumbnails/AHZ20006pu_300_300.png
AHZ20006qm,/mmfs1/scratch/hpc/60/oryan/fromMAST/thumbnails/AHZ20006qm_300_300.png
AHZ20006st,/mmfs1/scratch/hpc/60/oryan/fromMAST/thumbnails/AHZ20006st_300_300.png
AHZ20007np,/mmfs1/scratch/hpc/60/oryan/fromMAST/thumbnails/AHZ20007np_300_300.png
AHZ20007rk,/mmfs1/scratch/hpc/60/oryan/fromMAST/thumbnails/AHZ20007rk_300_300.png
AHZ20007ur,/mmfs1/scratch/hpc/60/oryan/fromMAST/thumbnails/AHZ20007ur_300_300.png
AHZ20008cn,/mmfs1/scratch/hpc/60/oryan/fromMAST/thumbnails/AHZ20008cn_300_300.png
AHZ20008hx,/mmfs1/scratch/hpc/60/oryan/fromMAST/thumbnails/AHZ20008hx_300_300.png
AHZ20008lt,/mmfs1/scratch/hpc/60/oryan/fromMAST/thumbnails/AHZ20008lt_300_300.png
AHZ20008mx,/mmfs1/scratch/hpc/60/oryan/fromMAST/thumbnails/AHZ20008mx_300_300.png
AHZ20008o0,/mmfs1/scratch/hpc/60/oryan/fromMAST/thumbnails/AHZ20008o0_300_300.png
AHZ20008sx,/mmfs1/scratch/hpc/60/oryan/fromMAST/thumbnails/AHZ20008sx_300_300.png
AHZ20008t2,/mmfs1/scratch/hpc/60/oryan/fromMAST/thumbnails/AHZ20008t2_300_300.png
AHZ2000964,/mmfs1/scratch/hpc/60/oryan/fromMAST/thumbnails/AHZ2000964_300_300.png
AHZ20009ka,/mmfs1/scratch/hpc/60/oryan/fromMAST/thumbnails/AHZ20009ka_300_300.png
AHZ20009sa,/mmfs1/scratch/hpc/60/oryan/fromMAST/thumbnails/AHZ20009sa_300_300.png
AHZ20009uw,/mmfs1/scratch/hpc/60/oryan/fromMAST/thumbnails/AHZ20009uw_300_300.png
AHZ2000a03,/mmfs1/scratch/hpc/60/oryan/fromMAST/thumbnails/AHZ2000a03_300_300.png
AHZ2000a09,/mmfs1/scratch/hpc/60/oryan/fromMAST/thumbnails/AHZ2000a09_300_300.png
AHZ2000aaq,/mmfs1/scratch/hpc/60/oryan/fromMAST/thumbnails/AHZ2000aaq_300_300.png
AHZ2000ae1,/mmfs1/scratch/hpc/60/oryan/fromMAST/thumbnails/AHZ2000ae1_300_300.png
AHZ2000aj1,/mmfs1/scratch/hpc/60/oryan/fromMAST/thumbnails/AHZ2000aj1_300_300.png
AHZ2000aqh,/mmfs1/scratch/hpc/60/oryan/fromMAST/thumbnails/AHZ2000aqh_300_300.png
AHZ2000ayr,/mmfs1/scratch/hpc/60/oryan/fromMAST/thumbnails/AHZ2000ayr_300_300.png
AHZ2000ayx,/mmfs1/scratch/hpc/60/oryan/fromMAST/thumbnails/AHZ2000ayx_300_300.png
AHZ2000b25,/mmfs1/scratch/hpc/60/oryan/fromMAST/thumbnails/AHZ2000b25_300_300.png
AHZ2000b48,/mmfs1/scratch/hpc/60/oryan/fromMAST/thumbnails/AHZ2000b48_300_300.png
AHZ2000blx,/mmfs1/scratch/hpc/60/oryan/fromMAST/thumbnails/AHZ2000blx_300_300.png
AHZ2000boa,/mmfs1/scratch/hpc/60/oryan/fromMAST/thumbnails/AHZ2000boa_300_300.png
AHZ2000bqz,/mmfs1/scratch/hpc/60/oryan/fromMAST/thumbnails/AHZ2000bqz_300_300.png
AHZ2000bsn,/mmfs1/scratch/hpc/60/oryan/fromMAST/thumbnails/AHZ2000bsn_300_300.png
AHZ2000c4d,/mmfs1/scratch/hpc/60/oryan/fromMAST/thumbnails/AHZ2000c4d_300_300.png
AHZ2000c67,/mmfs1/scratch/hpc/60/oryan/fromMAST/thumbnails/AHZ2000c67_300_300.png
AHZ2000caw,/mmfs1/scratch/hpc/60/oryan/fromMAST/thumbnails/AHZ2000caw_300_300.png
AHZ2000d75,/mmfs1/scratch/hpc/60/oryan/fromMAST/thumbnails/AHZ2000d75_300_300.png
AHZ2000duj,/mmfs1/scratch/hpc/60/oryan/fromMAST/thumbnails/AHZ2000duj_300_300.png
AHZ2000e71,/mmfs1/scratch/hpc/60/oryan/fromMAST/thumbnails/AHZ2000e71_300_300.png
AHZ2000e7s,/mmfs1/scratch/hpc/60/oryan/fromMAST/thumbnails/AHZ2000e7s_300_300.png
AHZ2000ejg,/mmfs1/scratch/hpc/60/oryan/fromMAST/thumbnails/AHZ2000ejg_300_300.png
AHZ2000exb,/mmfs1/scratch/hpc/60/oryan/fromMAST/thumbnails/AHZ2000exb_300_300.png
AHZ2000fa7,/mmfs1/scratch/hpc/60/oryan/fromMAST/thumbnails/AHZ2000fa7_300_300.png
AHZ2000fgb,/mmfs1/scratch/hpc/60/oryan/fromMAST/thumbnails/AHZ2000fgb_300_300.png
AHZ2000fnx,/mmfs1/scratch/hpc/60/oryan/fromMAST/thumbnails/AHZ2000fnx_300_300.png
AHZ2000g0t,/mmfs1/scratch/hpc/60/oryan/fromMAST/thumbnails/AHZ2000g0t_300_300.png
AHZ2000g9x,/mmfs1/scratch/hpc/60/oryan/fromMAST/thumbnails/AHZ2000g9x_300_300.png
AHZ2000gn1,/mmfs1/scratch/hpc/60/oryan/fromMAST/thumbnails/AHZ2000gn1_300_300.png
AHZ2000gwg,/mmfs1/scratch/hpc/60/oryan/fromMAST/thumbnails/AHZ2000gwg_300_300.png
AHZ2000gze,/mmfs1/scratch/hpc/60/oryan/fromMAST/thumbnails/AHZ2000gze_300_300.png
AHZ2000hl8,/mmfs1/scratch/hpc/60/oryan/fromMAST/thumbnails/AHZ2000hl8_300_300.png
AHZ2000hsh,/mmfs1/scratch/hpc/60/oryan/fromMAST/thumbnails/AHZ2000hsh_300_300.png
AHZ2000hyv,/mmfs1/scratch/hpc/60/oryan/fromMAST/thumbnails/AHZ2000hyv_300_300.png
AHZ2000i1y,/mmfs1/scratch/hpc/60/oryan/fromMAST/thumbnails/AHZ2000i1y_300_300.png
AHZ2000i5q,/mmfs1/scratch/hpc/60/oryan/fromMAST/thumbnails/AHZ2000i5q_300_300.png
AHZ2000iae,/mmfs1/scratch/hpc/60/oryan/fromMAST/thumbnails/AHZ2000iae_300_300.png
AHZ2000ii7,/mmfs1/scratch/hpc/60/oryan/fromMAST/thumbnails/AHZ2000ii7_300_300.png
AHZ2000ine,/mmfs1/scratch/hpc/60/oryan/fromMAST/thumbnails/AHZ2000ine_300_300.png
AHZ2000j3b,/mmfs1/scratch/hpc/60/oryan/fromMAST/thumbnails/AHZ2000j3b_300_300.png
AHZ2000jfa,/mmfs1/scratch/hpc/60/oryan/fromMAST/thumbnails/AHZ2000jfa_300_300.png
AHZ2000jnx,/mmfs1/scratch/hpc/60/oryan/fromMAST/thumbnails/AHZ2000jnx_300_300.png
AHZ2000juk,/mmfs1/scratch/hpc/60/oryan/fromMAST/thumbnails/AHZ2000juk_300_300.png
AHZ2000jxz,/mmfs1/scratch/hpc/60/oryan/fromMAST/thumbnails/AHZ2000jxz_300_300.png
AHZ2000jyf,/mmfs1/scratch/hpc/60/oryan/fromMAST/thumbnails/AHZ2000jyf_300_300.png
AHZ2000jza,/mmfs1/scratch/hpc/60/oryan/fromMAST/thumbnails/AHZ2000jza_300_300.png
AHZ2000kaf,/mmfs1/scratch/hpc/60/oryan/fromMAST/thumbnails/AHZ2000kaf_300_300.png
AHZ2000kon,/mmfs1/scratch/hpc/60/oryan/fromMAST/thumbnails/AHZ2000kon_300_300.png
AHZ2000ktp,/mmfs1/scratch/hpc/60/oryan/fromMAST/thumbnails/AHZ2000ktp_300_300.png
AHZ2000kwd,/mmfs1/scratch/hpc/60/oryan/fromMAST/thumbnails/AHZ2000kwd_300_300.png
AHZ2000kxs,/mmfs1/scratch/hpc/60/oryan/fromMAST/thumbnails/AHZ2000kxs_300_300.png
AHZ2000kyt,/mmfs1/scratch/hpc/60/oryan/fromMAST/thumbnails/AHZ2000kyt_300_300.png
AHZ2000l0y,/mmfs1/scratch/hpc/60/oryan/fromMAST/thumbnails/AHZ2000l0y_300_300.png
AHZ2000lw2,/mmfs1/scratch/hpc/60/oryan/fromMAST/thumbnails/AHZ2000lw2_300_300.png
AHZ2000lwq,/mmfs1/scratch/hpc/60/oryan/fromMAST/thumbnails/AHZ2000lwq_300_300.png
AHZ2000m5r,/mmfs1/scratch/hpc/60/oryan/fromMAST/thumbnails/AHZ2000m5r_300_300.png
AHZ2000m8w,/mmfs1/scratch/hpc/60/oryan/fromMAST/thumbnails/AHZ2000m8w_300_300.png
AHZ2000md6,/mmfs1/scratch/hpc/60/oryan/fromMAST/thumbnails/AHZ2000md6_300_300.png
AHZ2000meg,/mmfs1/scratch/hpc/60/oryan/fromMAST/thumbnails/AHZ2000meg_300_300.png
AHZ2000mrw,/mmfs1/scratch/hpc/60/oryan/fromMAST/thumbnails/AHZ2000mrw_300_300.png
AHZ2000myu,/mmfs1/scratch/hpc/60/oryan/fromMAST/thumbnails/AHZ2000myu_300_300.png
AHZ2000n71,/mmfs1/scratch/hpc/60/oryan/fromMAST/thumbnails/AHZ2000n71_300_300.png
AHZ2000nfr,/mmfs1/scratch/hpc/60/oryan/fromMAST/thumbnails/AHZ2000nfr_300_300.png
AHZ2000nks,/mmfs1/scratch/hpc/60/oryan/fromMAST/thumbnails/AHZ2000nks_300_300.png
AHZ2000nvy,/mmfs1/scratch/hpc/60/oryan/fromMAST/thumbnails/AHZ2000nvy_300_300.png
AHZ2000nxu,/mmfs1/scratch/hpc/60/oryan/fromMAST/thumbnails/AHZ2000nxu_300_300.png
AHZ2000o3z,/mmfs1/scratch/hpc/60/oryan/fromMAST/thumbnails/AHZ2000o3z_300_300.png
AHZ2000p2o,/mmfs1/scratch/hpc/60/oryan/fromMAST/thumbnails/AHZ2000p2o_300_300.png
AHZ2000p2y,/mmfs1/scratch/hpc/60/oryan/fromMAST/thumbnails/AHZ2000p2y_300_300.png
AHZ2000p51,/mmfs1/scratch/hpc/60/oryan/fromMAST/thumbnails/AHZ2000p51_300_300.png
AHZ2000p98,/mmfs1/scratch/hpc/60/oryan/fromMAST/thumbnails/AHZ2000p98_300_300.png
AHZ2000qhl,/mmfs1/scratch/hpc/60/oryan/fromMAST/thumbnails/AHZ2000qhl_300_300.png
AHZ2000r17,/mmfs1/scratch/hpc/60/oryan/fromMAST/thumbnails/AHZ2000r17_300_300.png
AHZ2000r26,/mmfs1/scratch/hpc/60/oryan/fromMAST/thumbnails/AHZ2000r26_300_300.png
AHZ2000scv,/mmfs1/scratch/hpc/60/oryan/fromMAST/thumbnails/AHZ2000scv_300_300.png
AHZ2000sd3,/mmfs1/scratch/hpc/60/oryan/fromMAST/thumbnails/AHZ2000sd3_300_300.png
AHZ2000sku,/mmfs1/scratch/hpc/60/oryan/fromMAST/thumbnails/AHZ2000sku_300_300.png
AHZ2000spf,/mmfs1/scratch/hpc/60/oryan/fromMAST/thumbnails/AHZ2000spf_300_300.png
AHZ2000tri,/mmfs1/scratch/hpc/60/oryan/fromMAST/thumbnails/AHZ2000tri_300_300.png
AHZ2000tsd,/mmfs1/scratch/hpc/60/oryan/fromMAST/thumbnails/AHZ2000tsd_300_300.png
AHZ2000ugl,/mmfs1/scratch/hpc/60/oryan/fromMAST/thumbnails/AHZ2000ugl_300_300.png
AHZ2000uij,/mmfs1/scratch/hpc/60/oryan/fromMAST/thumbnails/AHZ2000uij_300_300.png
AHZ2000uxt,/mmfs1/scratch/hpc/60/oryan/fromMAST/thumbnails/AHZ2000uxt_300_300.png
AHZ2000v6f,/mmfs1/scratch/hpc/60/oryan/fromMAST/thumbnails/AHZ2000v6f_300_300.png
AHZ2000vbq,/mmfs1/scratch/hpc/60/oryan/fromMAST/thumbnails/AHZ2000vbq_300_300.png
AHZ2000vu6,/mmfs1/scratch/hpc/60/oryan/fromMAST/thumbnails/AHZ2000vu6_300_300.png
AHZ2000w9g,/mmfs1/scratch/hpc/60/oryan/fromMAST/thumbnails/AHZ2000w9g_300_300.png
AHZ2000wrn,/mmfs1/scratch/hpc/60/oryan/fromMAST/thumbnails/AHZ2000wrn_300_300.png
AHZ2000x44,/mmfs1/scratch/hpc/60/oryan/fromMAST/thumbnails/AHZ2000x44_300_300.png
AHZ2000x8u,/mmfs1/scratch/hpc/60/oryan/fromMAST/thumbnails/AHZ2000x8u_300_300.png
AHZ2000xcn,/mmfs1/scratch/hpc/60/oryan/fromMAST/thumbnails/AHZ2000xcn_300_300.png
AHZ2000xcp,/mmfs1/scratch/hpc/60/oryan/fromMAST/thumbnails/AHZ2000xcp_300_300.png
AHZ2000xgy,/mmfs1/scratch/hpc/60/oryan/fromMAST/thumbnails/AHZ2000xgy_300_300.png
AHZ2000xmr,/mmfs1/scratch/hpc/60/oryan/fromMAST/thumbnails/AHZ2000xmr_300_300.png
AHZ2000xuf,/mmfs1/scratch/hpc/60/oryan/fromMAST/thumbnails/AHZ2000xuf_300_300.png
AHZ2000xy2,/mmfs1/scratch/hpc/60/oryan/fromMAST/thumbnails/AHZ2000xy2_300_300.png
AHZ2000y3y,/mmfs1/scratch/hpc/60/oryan/fromMAST/thumbnails/AHZ2000y3y_300_300.png
AHZ2000yd3,/mmfs1/scratch/hpc/60/oryan/fromMAST/thumbnails/AHZ2000yd3_300_300.png
AHZ2000yer,/mmfs1/scratch/hpc/60/oryan/fromMAST/thumbnails/AHZ2000yer_300_300.png
AHZ2000yg5,/mmfs1/scratch/hpc/60/oryan/fromMAST/thumbnails/AHZ2000yg5_300_300.png
AHZ2000ynw,/mmfs1/scratch/hpc/60/oryan/fromMAST/thumbnails/AHZ2000ynw_300_300.png
AHZ2000ypi,/mmfs1/scratch/hpc/60/oryan/fromMAST/thumbnails/AHZ2000ypi_300_300.png
AHZ2000yuj,/mmfs1/scratch/hpc/60/oryan/fromMAST/thumbnails/AHZ2000yuj_300_300.png
AHZ2000yvf,/mmfs1/scratch/hpc/60/oryan/fromMAST/thumbnails/AHZ2000yvf_300_300.png
AHZ2000zs2,/mmfs1/scratch/hpc/60/oryan/fromMAST/thumbnails/AHZ2000zs2_300_300.png
AHZ2000zse,/mmfs1/scratch/hpc/60/oryan/fromMAST/thumbnails/AHZ2000zse_300_300.png
AHZ2000zw3,/mmfs1/scratch/hpc/60/oryan/fromMAST/thumbnails/AHZ2000zw3_300_300.png
AHZ2000zyh,/mmfs1/scratch/hpc/60/oryan/fromMAST/thumbnails/AHZ2000zyh_300_300.png
AHZ20010ol,/mmfs1/scratch/hpc/60/oryan/fromMAST/thumbnails/AHZ20010ol_300_300.png
AHZ200111y,/mmfs1/scratch/hpc/60/oryan/fromMAST/thumbnails/AHZ200111y_300_300.png
AHZ200112p,/mmfs1/scratch/hpc/60/oryan/fromMAST/thumbnails/AHZ200112p_300_300.png
AHZ200115q,/mmfs1/scratch/hpc/60/oryan/fromMAST/thumbnails/AHZ200115q_300_300.png
AHZ200118s,/mmfs1/scratch/hpc/60/oryan/fromMAST/thumbnails/AHZ200118s_300_300.png
AHZ20011ax,/mmfs1/scratch/hpc/60/oryan/fromMAST/thumbnails/AHZ20011ax_300_300.png
AHZ20011eu,/mmfs1/scratch/hpc/60/oryan/fromMAST/thumbnails/AHZ20011eu_300_300.png
AHZ20011lp,/mmfs1/scratch/hpc/60/oryan/fromMAST/thumbnails/AHZ20011lp_300_300.png
AHZ2001252,/mmfs1/scratch/hpc/60/oryan/fromMAST/thumbnails/AHZ2001252_300_300.png
AHZ20013gd,/mmfs1/scratch/hpc/60/oryan/fromMAST/thumbnails/AHZ20013gd_300_300.png
AHZ20013y0,/mmfs1/scratch/hpc/60/oryan/fromMAST/thumbnails/AHZ20013y0_300_300.png
AHZ200142p,/mmfs1/scratch/hpc/60/oryan/fromMAST/thumbnails/AHZ200142p_300_300.png
AHZ20014at,/mmfs1/scratch/hpc/60/oryan/fromMAST/thumbnails/AHZ20014at_300_300.png
AHZ20014ba,/mmfs1/scratch/hpc/60/oryan/fromMAST/thumbnails/AHZ20014ba_300_300.png
AHZ20014om,/mmfs1/scratch/hpc/60/oryan/fromMAST/thumbnails/AHZ20014om_300_300.png
AHZ20014vl,/mmfs1/scratch/hpc/60/oryan/fromMAST/thumbnails/AHZ20014vl_300_300.png
AHZ20014vp,/mmfs1/scratch/hpc/60/oryan/fromMAST/thumbnails/AHZ20014vp_300_300.png
AHZ20014xs,/mmfs1/scratch/hpc/60/oryan/fromMAST/thumbnails/AHZ20014xs_300_300.png
AHZ20014y6,/mmfs1/scratch/hpc/60/oryan/fromMAST/thumbnails/AHZ20014y6_300_300.png
AHZ20014zx,/mmfs1/scratch/hpc/60/oryan/fromMAST/thumbnails/AHZ20014zx_300_300.png
AHZ20015hd,/mmfs1/scratch/hpc/60/oryan/fromMAST/thumbnails/AHZ20015hd_300_300.png
AHZ20015hm,/mmfs1/scratch/hpc/60/oryan/fromMAST/thumbnails/AHZ20015hm_300_300.png
AHZ20015jp,/mmfs1/scratch/hpc/60/oryan/fromMAST/thumbnails/AHZ20015jp_300_300.png
AHZ20015ln,/mmfs1/scratch/hpc/60/oryan/fromMAST/thumbnails/AHZ20015ln_300_300.png
AHZ20015m7,/mmfs1/scratch/hpc/60/oryan/fromMAST/thumbnails/AHZ20015m7_300_300.png
AHZ20016bg,/mmfs1/scratch/hpc/60/oryan/fromMAST/thumbnails/AHZ20016bg_300_300.png
AHZ20016db,/mmfs1/scratch/hpc/60/oryan/fromMAST/thumbnails/AHZ20016db_300_300.png
AHZ200177k,/mmfs1/scratch/hpc/60/oryan/fromMAST/thumbnails/AHZ200177k_300_300.png
AHZ200178p,/mmfs1/scratch/hpc/60/oryan/fromMAST/thumbnails/AHZ200178p_300_300.png
AHZ20017vs,/mmfs1/scratch/hpc/60/oryan/fromMAST/thumbnails/AHZ20017vs_300_300.png
AHZ20017xu,/mmfs1/scratch/hpc/60/oryan/fromMAST/thumbnails/AHZ20017xu_300_300.png
AHZ20017zz,/mmfs1/scratch/hpc/60/oryan/fromMAST/thumbnails/AHZ20017zz_300_300.png
AHZ2001805,/mmfs1/scratch/hpc/60/oryan/fromMAST/thumbnails/AHZ2001805_300_300.png
AHZ20019oa,/mmfs1/scratch/hpc/60/oryan/fromMAST/thumbnails/AHZ20019oa_300_300.png
AHZ20019u5,/mmfs1/scratch/hpc/60/oryan/fromMAST/thumbnails/AHZ20019u5_300_300.png
AHZ20019zp,/mmfs1/scratch/hpc/60/oryan/fromMAST/thumbnails/AHZ20019zp_300_300.png
AHZ2001av9,/mmfs1/scratch/hpc/60/oryan/fromMAST/thumbnails/AHZ2001av9_300_300.png
AHZ2001b5u,/mmfs1/scratch/hpc/60/oryan/fromMAST/thumbnails/AHZ2001b5u_300_300.png
AHZ2001bya,/mmfs1/scratch/hpc/60/oryan/fromMAST/thumbnails/AHZ2001bya_300_300.png
AHZ2001c0k,/mmfs1/scratch/hpc/60/oryan/fromMAST/thumbnails/AHZ2001c0k_300_300.png
AHZ2001crr,/mmfs1/scratch/hpc/60/oryan/fromMAST/thumbnails/AHZ2001crr_300_300.png
AHZ2001cvw,/mmfs1/scratch/hpc/60/oryan/fromMAST/thumbnails/AHZ2001cvw_300_300.png
AHZ2001d38,/mmfs1/scratch/hpc/60/oryan/fromMAST/thumbnails/AHZ2001d38_300_300.png
AHZ2001d4m,/mmfs1/scratch/hpc/60/oryan/fromMAST/thumbnails/AHZ2001d4m_300_300.png
AHZ2001dzb,/mmfs1/scratch/hpc/60/oryan/fromMAST/thumbnails/AHZ2001dzb_300_300.png
AHZ2001eb1,/mmfs1/scratch/hpc/60/oryan/fromMAST/thumbnails/AHZ2001eb1_300_300.png
AHZ2001ech,/mmfs1/scratch/hpc/60/oryan/fromMAST/thumbnails/AHZ2001ech_300_300.png
AHZ2001elh,/mmfs1/scratch/hpc/60/oryan/fromMAST/thumbnails/AHZ2001elh_300_300.png
AHZ2001elt,/mmfs1/scratch/hpc/60/oryan/fromMAST/thumbnails/AHZ2001elt_300_300.png
AHZ2001f42,/mmfs1/scratch/hpc/60/oryan/fromMAST/thumbnails/AHZ2001f42_300_300.png
AHZ2001f8h,/mmfs1/scratch/hpc/60/oryan/fromMAST/thumbnails/AHZ2001f8h_300_300.png
AHZ2001fjk,/mmfs1/scratch/hpc/60/oryan/fromMAST/thumbnails/AHZ2001fjk_300_300.png
AHZ2001fpq,/mmfs1/scratch/hpc/60/oryan/fromMAST/thumbnails/AHZ2001fpq_300_300.png
AHZ2001fzx,/mmfs1/scratch/hpc/60/oryan/fromMAST/thumbnails/AHZ2001fzx_300_300.png
AHZ2001g5p,/mmfs1/scratch/hpc/60/oryan/fromMAST/thumbnails/AHZ2001g5p_300_300.png
AHZ2001g8i,/mmfs1/scratch/hpc/60/oryan/fromMAST/thumbnails/AHZ2001g8i_300_300.png
AHZ2001ghk,/mmfs1/scratch/hpc/60/oryan/fromMAST/thumbnails/AHZ2001ghk_300_300.png
AHZ2001gq6,/mmfs1/scratch/hpc/60/oryan/fromMAST/thumbnails/AHZ2001gq6_300_300.png
AHZ2001h9e,/mmfs1/scratch/hpc/60/oryan/fromMAST/thumbnails/AHZ2001h9e_300_300.png
AHZ2001hke,/mmfs1/scratch/hpc/60/oryan/fromMAST/thumbnails/AHZ2001hke_300_300.png
AHZ2001hsh,/mmfs1/scratch/hpc/60/oryan/fromMAST/thumbnails/AHZ2001hsh_300_300.png
AHZ2001hsk,/mmfs1/scratch/hpc/60/oryan/fromMAST/thumbnails/AHZ2001hsk_300_300.png
AHZ2001i46,/mmfs1/scratch/hpc/60/oryan/fromMAST/thumbnails/AHZ2001i46_300_300.png
AHZ2001izu,/mmfs1/scratch/hpc/60/oryan/fromMAST/thumbnails/AHZ2001izu_300_300.png
AHZ2001joo,/mmfs1/scratch/hpc/60/oryan/fromMAST/thumbnails/AHZ2001joo_300_300.png
AHZ2001k1l,/mmfs1/scratch/hpc/60/oryan/fromMAST/thumbnails/AHZ2001k1l_300_300.png
AHZ2001ksi,/mmfs1/scratch/hpc/60/oryan/fromMAST/thumbnails/AHZ2001ksi_300_300.png
AHZ2001kwv,/mmfs1/scratch/hpc/60/oryan/fromMAST/thumbnails/AHZ2001kwv_300_300.png
AHZ2001kyy,/mmfs1/scratch/hpc/60/oryan/fromMAST/thumbnails/AHZ2001kyy_300_300.png
AHZ2001lf6,/mmfs1/scratch/hpc/60/oryan/fromMAST/thumbnails/AHZ2001lf6_300_300.png
AHZ2001lhl,/mmfs1/scratch/hpc/60/oryan/fromMAST/thumbnails/AHZ2001lhl_300_300.png
AHZ2001lm8,/mmfs1/scratch/hpc/60/oryan/fromMAST/thumbnails/AHZ2001lm8_300_300.png
AHZ2001lns,/mmfs1/scratch/hpc/60/oryan/fromMAST/thumbnails/AHZ2001lns_300_300.png
AHZ2001lqr,/mmfs1/scratch/hpc/60/oryan/fromMAST/thumbnails/AHZ2001lqr_300_300.png
AHZ2001lwa,/mmfs1/scratch/hpc/60/oryan/fromMAST/thumbnails/AHZ2001lwa_300_300.png
AHZ2001m11,/mmfs1/scratch/hpc/60/oryan/fromMAST/thumbnails/AHZ2001m11_300_300.png
AHZ2001m77,/mmfs1/scratch/hpc/60/oryan/fromMAST/thumbnails/AHZ2001m77_300_300.png
AHZ2001mgm,/mmfs1/scratch/hpc/60/oryan/fromMAST/thumbnails/AHZ2001mgm_300_300.png
AHZ2001ms1,/mmfs1/scratch/hpc/60/oryan/fromMAST/thumbnails/AHZ2001ms1_300_300.png
AHZ2001n4a,/mmfs1/scratch/hpc/60/oryan/fromMAST/thumbnails/AHZ2001n4a_300_300.png
AHZ2001nay,/mmfs1/scratch/hpc/60/oryan/fromMAST/thumbnails/AHZ2001nay_300_300.png
AHZ2001nee,/mmfs1/scratch/hpc/60/oryan/fromMAST/thumbnails/AHZ2001nee_300_300.png
AHZ2001nre,/mmfs1/scratch/hpc/60/oryan/fromMAST/thumbnails/AHZ2001nre_300_300.png
AHZ2001o2n,/mmfs1/scratch/hpc/60/oryan/fromMAST/thumbnails/AHZ2001o2n_300_300.png
AHZ2001o8s,/mmfs1/scratch/hpc/60/oryan/fromMAST/thumbnails/AHZ2001o8s_300_300.png
AHZ2001o9a,/mmfs1/scratch/hpc/60/oryan/fromMAST/thumbnails/AHZ2001o9a_300_300.png
AHZ2001oa4,/mmfs1/scratch/hpc/60/oryan/fromMAST/thumbnails/AHZ2001oa4_300_300.png
AHZ2000a0t,/mmfs1/scratch/hpc/60/oryan/fromMAST/thumbnails/AHZ2000a0t_300_300.png
AHZ20015mi,/mmfs1/scratch/hpc/60/oryan/fromMAST/thumbnails/AHZ20015mi_300_300.png
AHZ2000x1s,/mmfs1/scratch/hpc/60/oryan/fromMAST/thumbnails/AHZ2000x1s_300_300.png
AHZ10002hc,/mmfs1/scratch/hpc/60/oryan/fromMAST/thumbnails/AHZ10002hc_300_300.png
AHZ2000c7x,/mmfs1/scratch/hpc/60/oryan/fromMAST/thumbnails/AHZ2000c7x_300_300.png
AHZ40002pn,/mmfs1/scratch/hpc/60/oryan/fromMAST/thumbnails/AHZ40002pn_300_300.png
AHZ2000owr,/mmfs1/scratch/hpc/60/oryan/fromMAST/thumbnails/AHZ2000owr_300_300.png
AHZ2001kpg,/mmfs1/scratch/hpc/60/oryan/fromMAST/thumbnails/AHZ2001kpg_300_300.png
AHZ2000mw7,/mmfs1/scratch/hpc/60/oryan/fromMAST/thumbnails/AHZ2000mw7_300_300.png
AHZ2000y4e,/mmfs1/scratch/hpc/60/oryan/fromMAST/thumbnails/AHZ2000y4e_300_300.png
AHZ20009i0,/mmfs1/scratch/hpc/60/oryan/fromMAST/thumbnails/AHZ20009i0_300_300.png
AHZ20018du,/mmfs1/scratch/hpc/60/oryan/fromMAST/thumbnails/AHZ20018du_300_300.png
AHZ2000sdk,/mmfs1/scratch/hpc/60/oryan/fromMAST/thumbnails/AHZ2000sdk_300_300.png
AHZ2001i4a,/mmfs1/scratch/hpc/60/oryan/fromMAST/thumbnails/AHZ2001i4a_300_300.png
AHZ2000wpo,/mmfs1/scratch/hpc/60/oryan/fromMAST/thumbnails/AHZ2000wpo_300_300.png
AHZ2000n3l,/mmfs1/scratch/hpc/60/oryan/fromMAST/thumbnails/AHZ2000n3l_300_300.png
AHZ2001e3j,/mmfs1/scratch/hpc/60/oryan/fromMAST/thumbnails/AHZ2001e3j_300_300.png
AHZ2001j4s,/mmfs1/scratch/hpc/60/oryan/fromMAST/thumbnails/AHZ2001j4s_300_300.png
AHZ200039r,/mmfs1/scratch/hpc/60/oryan/fromMAST/thumbnails/AHZ200039r_300_300.png
AHZ20010df,/mmfs1/scratch/hpc/60/oryan/fromMAST/thumbnails/AHZ20010df_300_300.png
AHZ2000kfc,/mmfs1/scratch/hpc/60/oryan/fromMAST/thumbnails/AHZ2000kfc_300_300.png
AHZ20015s7,/mmfs1/scratch/hpc/60/oryan/fromMAST/thumbnails/AHZ20015s7_300_300.png
AHZ2000zk3,/mmfs1/scratch/hpc/60/oryan/fromMAST/thumbnails/AHZ2000zk3_300_300.png
AHZ10004m3,/mmfs1/scratch/hpc/60/oryan/fromMAST/thumbnails/AHZ10004m3_300_300.png
AHZ20006a7,/mmfs1/scratch/hpc/60/oryan/fromMAST/thumbnails/AHZ20006a7_300_300.png
AHZ2000w8b,/mmfs1/scratch/hpc/60/oryan/fromMAST/thumbnails/AHZ2000w8b_300_300.png
AHZ2001k5h,/mmfs1/scratch/hpc/60/oryan/fromMAST/thumbnails/AHZ2001k5h_300_300.png
AHZ2000vr0,/mmfs1/scratch/hpc/60/oryan/fromMAST/thumbnails/AHZ2000vr0_300_300.png
AHZ2001fwf,/mmfs1/scratch/hpc/60/oryan/fromMAST/thumbnails/AHZ2001fwf_300_300.png
AHZ200110j,/mmfs1/scratch/hpc/60/oryan/fromMAST/thumbnails/AHZ200110j_300_300.png
AHZ2000qrq,/mmfs1/scratch/hpc/60/oryan/fromMAST/thumbnails/AHZ2000qrq_300_300.png
AHZ20010tt,/mmfs1/scratch/hpc/60/oryan/fromMAST/thumbnails/AHZ20010tt_300_300.png
AHZ100057x,/mmfs1/scratch/hpc/60/oryan/fromMAST/thumbnails/AHZ100057x_300_300.png
AHZ2000d9a,/mmfs1/scratch/hpc/60/oryan/fromMAST/thumbnails/AHZ2000d9a_300_300.png
AHZ2000l2a,/mmfs1/scratch/hpc/60/oryan/fromMAST/thumbnails/AHZ2000l2a_300_300.png
AHZ200161o,/mmfs1/scratch/hpc/60/oryan/fromMAST/thumbnails/AHZ200161o_300_300.png
AHZ2000jci,/mmfs1/scratch/hpc/60/oryan/fromMAST/thumbnails/AHZ2000jci_300_300.png
AHZ20000t1,/mmfs1/scratch/hpc/60/oryan/fromMAST/thumbnails/AHZ20000t1_300_300.png
AHZ2001d99,/mmfs1/scratch/hpc/60/oryan/fromMAST/thumbnails/AHZ2001d99_300_300.png
AHZ20003wr,/mmfs1/scratch/hpc/60/oryan/fromMAST/thumbnails/AHZ20003wr_300_300.png
AHZ20010ri,/mmfs1/scratch/hpc/60/oryan/fromMAST/thumbnails/AHZ20010ri_300_300.png
AHZ2000t9e,/mmfs1/scratch/hpc/60/oryan/fromMAST/thumbnails/AHZ2000t9e_300_300.png
AHZ2000j2k,/mmfs1/scratch/hpc/60/oryan/fromMAST/thumbnails/AHZ2000j2k_300_300.png
AHZ2001g20,/mmfs1/scratch/hpc/60/oryan/fromMAST/thumbnails/AHZ2001g20_300_300.png
AHZ40003mw,/mmfs1/scratch/hpc/60/oryan/fromMAST/thumbnails/AHZ40003mw_300_300.png
AHZ2001lro,/mmfs1/scratch/hpc/60/oryan/fromMAST/thumbnails/AHZ2001lro_300_300.png
AHZ2000i3j,/mmfs1/scratch/hpc/60/oryan/fromMAST/thumbnails/AHZ2000i3j_300_300.png
AHZ2001j55,/mmfs1/scratch/hpc/60/oryan/fromMAST/thumbnails/AHZ2001j55_300_300.png
AHZ40002qj,/mmfs1/scratch/hpc/60/oryan/fromMAST/thumbnails/AHZ40002qj_300_300.png
AHZ2000ni2,/mmfs1/scratch/hpc/60/oryan/fromMAST/thumbnails/AHZ2000ni2_300_300.png
AHZ20003on,/mmfs1/scratch/hpc/60/oryan/fromMAST/thumbnails/AHZ20003on_300_300.png
AHZ20005ww,/mmfs1/scratch/hpc/60/oryan/fromMAST/thumbnails/AHZ20005ww_300_300.png
AHZ200026q,/mmfs1/scratch/hpc/60/oryan/fromMAST/thumbnails/AHZ200026q_300_300.png
AHZ2000jt9,/mmfs1/scratch/hpc/60/oryan/fromMAST/thumbnails/AHZ2000jt9_300_300.png
AHZ2001cl5,/mmfs1/scratch/hpc/60/oryan/fromMAST/thumbnails/AHZ2001cl5_300_300.png
AHZ10002m5,/mmfs1/scratch/hpc/60/oryan/fromMAST/thumbnails/AHZ10002m5_300_300.png
AHZ2001940,/mmfs1/scratch/hpc/60/oryan/fromMAST/thumbnails/AHZ2001940_300_300.png
AHZ40004td,/mmfs1/scratch/hpc/60/oryan/fromMAST/thumbnails/AHZ40004td_300_300.png
AHZ2000kmf,/mmfs1/scratch/hpc/60/oryan/fromMAST/thumbnails/AHZ2000kmf_300_300.png
AHZ20015sq,/mmfs1/scratch/hpc/60/oryan/fromMAST/thumbnails/AHZ20015sq_300_300.png
AHZ2001ns8,/mmfs1/scratch/hpc/60/oryan/fromMAST/thumbnails/AHZ2001ns8_300_300.png
AHZ2000m0u,/mmfs1/scratch/hpc/60/oryan/fromMAST/thumbnails/AHZ2000m0u_300_300.png
AHZ2001bnv,/mmfs1/scratch/hpc/60/oryan/fromMAST/thumbnails/AHZ2001bnv_300_300.png
AHZ2001fz4,/mmfs1/scratch/hpc/60/oryan/fromMAST/thumbnails/AHZ2001fz4_300_300.png
AHZ2000urc,/mmfs1/scratch/hpc/60/oryan/fromMAST/thumbnails/AHZ2000urc_300_300.png
AHZ2001cz8,/mmfs1/scratch/hpc/60/oryan/fromMAST/thumbnails/AHZ2001cz8_300_300.png
AHZ2001aps,/mmfs1/scratch/hpc/60/oryan/fromMAST/thumbnails/AHZ2001aps_300_300.png
AHZ20005r3,/mmfs1/scratch/hpc/60/oryan/fromMAST/thumbnails/AHZ20005r3_300_300.png
AHZ2000ipc,/mmfs1/scratch/hpc/60/oryan/fromMAST/thumbnails/AHZ2000ipc_300_300.png
AHZ2000462,/mmfs1/scratch/hpc/60/oryan/fromMAST/thumbnails/AHZ2000462_300_300.png
AHZ2000lbu,/mmfs1/scratch/hpc/60/oryan/fromMAST/thumbnails/AHZ2000lbu_300_300.png
AHZ2000p3m,/mmfs1/scratch/hpc/60/oryan/fromMAST/thumbnails/AHZ2000p3m_300_300.png
AHZ2001lzn,/mmfs1/scratch/hpc/60/oryan/fromMAST/thumbnails/AHZ2001lzn_300_300.png
AHZ2000og2,/mmfs1/scratch/hpc/60/oryan/fromMAST/thumbnails/AHZ2000og2_300_300.png
AHZ20002e2,/mmfs1/scratch/hpc/60/oryan/fromMAST/thumbnails/AHZ20002e2_300_300.png
AHZ2000zm0,/mmfs1/scratch/hpc/60/oryan/fromMAST/thumbnails/AHZ2000zm0_300_300.png
AHZ2000e4i,/mmfs1/scratch/hpc/60/oryan/fromMAST/thumbnails/AHZ2000e4i_300_300.png
AHZ2001d2h,/mmfs1/scratch/hpc/60/oryan/fromMAST/thumbnails/AHZ2001d2h_300_300.png
AHZ2000bvu,/mmfs1/scratch/hpc/60/oryan/fromMAST/thumbnails/AHZ2000bvu_300_300.png
AHZ2001c7i,/mmfs1/scratch/hpc/60/oryan/fromMAST/thumbnails/AHZ2001c7i_300_300.png
AHZ2000u0l,/mmfs1/scratch/hpc/60/oryan/fromMAST/thumbnails/AHZ2000u0l_300_300.png
AHZ2001lqc,/mmfs1/scratch/hpc/60/oryan/fromMAST/thumbnails/AHZ2001lqc_300_300.png
AHZ20012n8,/mmfs1/scratch/hpc/60/oryan/fromMAST/thumbnails/AHZ20012n8_300_300.png
AHZ10000co,/mmfs1/scratch/hpc/60/oryan/fromMAST/thumbnails/AHZ10000co_300_300.png
AHZ2000o1p,/mmfs1/scratch/hpc/60/oryan/fromMAST/thumbnails/AHZ2000o1p_300_300.png
AHZ2000p84,/mmfs1/scratch/hpc/60/oryan/fromMAST/thumbnails/AHZ2000p84_300_300.png
AHZ2000o6b,/mmfs1/scratch/hpc/60/oryan/fromMAST/thumbnails/AHZ2000o6b_300_300.png
AHZ1000316,/mmfs1/scratch/hpc/60/oryan/fromMAST/thumbnails/AHZ1000316_300_300.png
AHZ20006ad,/mmfs1/scratch/hpc/60/oryan/fromMAST/thumbnails/AHZ20006ad_300_300.png
AHZ40001ch,/mmfs1/scratch/hpc/60/oryan/fromMAST/thumbnails/AHZ40001ch_300_300.png
AHZ2000bve,/mmfs1/scratch/hpc/60/oryan/fromMAST/thumbnails/AHZ2000bve_300_300.png
AHZ2000gwm,/mmfs1/scratch/hpc/60/oryan/fromMAST/thumbnails/AHZ2000gwm_300_300.png
AHZ10004xf,/mmfs1/scratch/hpc/60/oryan/fromMAST/thumbnails/AHZ10004xf_300_300.png
AHZ2000rtq,/mmfs1/scratch/hpc/60/oryan/fromMAST/thumbnails/AHZ2000rtq_300_300.png
AHZ2000ppe,/mmfs1/scratch/hpc/60/oryan/fromMAST/thumbnails/AHZ2000ppe_300_300.png
AHZ2000g74,/mmfs1/scratch/hpc/60/oryan/fromMAST/thumbnails/AHZ2000g74_300_300.png
AHZ20018yf,/mmfs1/scratch/hpc/60/oryan/fromMAST/thumbnails/AHZ20018yf_300_300.png
AHZ20004ho,/mmfs1/scratch/hpc/60/oryan/fromMAST/thumbnails/AHZ20004ho_300_300.png
AHZ20002o3,/mmfs1/scratch/hpc/60/oryan/fromMAST/thumbnails/AHZ20002o3_300_300.png
AHZ2001mtr,/mmfs1/scratch/hpc/60/oryan/fromMAST/thumbnails/AHZ2001mtr_300_300.png
AHZ400009r,/mmfs1/scratch/hpc/60/oryan/fromMAST/thumbnails/AHZ400009r_300_300.png
AHZ4000143,/mmfs1/scratch/hpc/60/oryan/fromMAST/thumbnails/AHZ4000143_300_300.png
AHZ2000smo,/mmfs1/scratch/hpc/60/oryan/fromMAST/thumbnails/AHZ2000smo_300_300.png
AHZ20015kb,/mmfs1/scratch/hpc/60/oryan/fromMAST/thumbnails/AHZ20015kb_300_300.png
AHZ2001nq5,/mmfs1/scratch/hpc/60/oryan/fromMAST/thumbnails/AHZ2001nq5_300_300.png
AHZ2000qu0,/mmfs1/scratch/hpc/60/oryan/fromMAST/thumbnails/AHZ2000qu0_300_300.png
AHZ2000oqg,/mmfs1/scratch/hpc/60/oryan/fromMAST/thumbnails/AHZ2000oqg_300_300.png
AHZ2000g3u,/mmfs1/scratch/hpc/60/oryan/fromMAST/thumbnails/AHZ2000g3u_300_300.png
AHZ20010vq,/mmfs1/scratch/hpc/60/oryan/fromMAST/thumbnails/AHZ20010vq_300_300.png
AHZ2000zwc,/mmfs1/scratch/hpc/60/oryan/fromMAST/thumbnails/AHZ2000zwc_300_300.png
AHZ20011a7,/mmfs1/scratch/hpc/60/oryan/fromMAST/thumbnails/AHZ20011a7_300_300.png
AHZ20010wt,/mmfs1/scratch/hpc/60/oryan/fromMAST/thumbnails/AHZ20010wt_300_300.png
AHZ2001gq9,/mmfs1/scratch/hpc/60/oryan/fromMAST/thumbnails/AHZ2001gq9_300_300.png
AHZ2000dli,/mmfs1/scratch/hpc/60/oryan/fromMAST/thumbnails/AHZ2000dli_300_300.png
AHZ200015a,/mmfs1/scratch/hpc/60/oryan/fromMAST/thumbnails/AHZ200015a_300_300.png
AHZ20003gh,/mmfs1/scratch/hpc/60/oryan/fromMAST/thumbnails/AHZ20003gh_300_300.png
AHZ2000ejx,/mmfs1/scratch/hpc/60/oryan/fromMAST/thumbnails/AHZ2000ejx_300_300.png
AHZ2001fyw,/mmfs1/scratch/hpc/60/oryan/fromMAST/thumbnails/AHZ2001fyw_300_300.png
AHZ20010zq,/mmfs1/scratch/hpc/60/oryan/fromMAST/thumbnails/AHZ20010zq_300_300.png
AHZ2000k94,/mmfs1/scratch/hpc/60/oryan/fromMAST/thumbnails/AHZ2000k94_300_300.png
AHZ20008op,/mmfs1/scratch/hpc/60/oryan/fromMAST/thumbnails/AHZ20008op_300_300.png
AHZ2000oe1,/mmfs1/scratch/hpc/60/oryan/fromMAST/thumbnails/AHZ2000oe1_300_300.png
AHZ2001612,/mmfs1/scratch/hpc/60/oryan/fromMAST/thumbnails/AHZ2001612_300_300.png
AHZ2001m8c,/mmfs1/scratch/hpc/60/oryan/fromMAST/thumbnails/AHZ2001m8c_300_300.png
AHZ2000wyq,/mmfs1/scratch/hpc/60/oryan/fromMAST/thumbnails/AHZ2000wyq_300_300.png
AHZ2000sqr,/mmfs1/scratch/hpc/60/oryan/fromMAST/thumbnails/AHZ2000sqr_300_300.png
AHZ2000e4y,/mmfs1/scratch/hpc/60/oryan/fromMAST/thumbnails/AHZ2000e4y_300_300.png
AHZ40001io,/mmfs1/scratch/hpc/60/oryan/fromMAST/thumbnails/AHZ40001io_300_300.png
AHZ2001evd,/mmfs1/scratch/hpc/60/oryan/fromMAST/thumbnails/AHZ2001evd_300_300.png
AHZ2001lpy,/mmfs1/scratch/hpc/60/oryan/fromMAST/thumbnails/AHZ2001lpy_300_300.png
AHZ100007e,/mmfs1/scratch/hpc/60/oryan/fromMAST/thumbnails/AHZ100007e_300_300.png
AHZ2000pyv,/mmfs1/scratch/hpc/60/oryan/fromMAST/thumbnails/AHZ2000pyv_300_300.png
AHZ200068o,/mmfs1/scratch/hpc/60/oryan/fromMAST/thumbnails/AHZ200068o_300_300.png
AHZ2000lmb,/mmfs1/scratch/hpc/60/oryan/fromMAST/thumbnails/AHZ2000lmb_300_300.png
AHZ20007fi,/mmfs1/scratch/hpc/60/oryan/fromMAST/thumbnails/AHZ20007fi_300_300.png
AHZ2000b7t,/mmfs1/scratch/hpc/60/oryan/fromMAST/thumbnails/AHZ2000b7t_300_300.png
AHZ20001kl,/mmfs1/scratch/hpc/60/oryan/fromMAST/thumbnails/AHZ20001kl_300_300.png
AHZ2001ccj,/mmfs1/scratch/hpc/60/oryan/fromMAST/thumbnails/AHZ2001ccj_300_300.png
AHZ2001m0y,/mmfs1/scratch/hpc/60/oryan/fromMAST/thumbnails/AHZ2001m0y_300_300.png
AHZ2000dj0,/mmfs1/scratch/hpc/60/oryan/fromMAST/thumbnails/AHZ2000dj0_300_300.png
AHZ20019ye,/mmfs1/scratch/hpc/60/oryan/fromMAST/thumbnails/AHZ20019ye_300_300.png
AHZ40000x6,/mmfs1/scratch/hpc/60/oryan/fromMAST/thumbnails/AHZ40000x6_300_300.png
AHZ2001856,/mmfs1/scratch/hpc/60/oryan/fromMAST/thumbnails/AHZ2001856_300_300.png
AHZ2000qvj,/mmfs1/scratch/hpc/60/oryan/fromMAST/thumbnails/AHZ2000qvj_300_300.png
AHZ20017am,/mmfs1/scratch/hpc/60/oryan/fromMAST/thumbnails/AHZ20017am_300_300.png
AHZ2000wye,/mmfs1/scratch/hpc/60/oryan/fromMAST/thumbnails/AHZ2000wye_300_300.png
AHZ100015o,/mmfs1/scratch/hpc/60/oryan/fromMAST/thumbnails/AHZ100015o_300_300.png
AHZ2000bip,/mmfs1/scratch/hpc/60/oryan/fromMAST/thumbnails/AHZ2000bip_300_300.png
AHZ2000z3x,/mmfs1/scratch/hpc/60/oryan/fromMAST/thumbnails/AHZ2000z3x_300_300.png
AHZ2000n3v,/mmfs1/scratch/hpc/60/oryan/fromMAST/thumbnails/AHZ2000n3v_300_300.png
AHZ2000agt,/mmfs1/scratch/hpc/60/oryan/fromMAST/thumbnails/AHZ2000agt_300_300.png
AHZ20010fm,/mmfs1/scratch/hpc/60/oryan/fromMAST/thumbnails/AHZ20010fm_300_300.png
AHZ20001tu,/mmfs1/scratch/hpc/60/oryan/fromMAST/thumbnails/AHZ20001tu_300_300.png
AHZ2000ih0,/mmfs1/scratch/hpc/60/oryan/fromMAST/thumbnails/AHZ2000ih0_300_300.png
AHZ2000597,/mmfs1/scratch/hpc/60/oryan/fromMAST/thumbnails/AHZ2000597_300_300.png
AHZ2001g41,/mmfs1/scratch/hpc/60/oryan/fromMAST/thumbnails/AHZ2001g41_300_300.png
AHZ2000vmm,/mmfs1/scratch/hpc/60/oryan/fromMAST/thumbnails/AHZ2000vmm_300_300.png
AHZ10000ha,/mmfs1/scratch/hpc/60/oryan/fromMAST/thumbnails/AHZ10000ha_300_300.png
AHZ2000mmg,/mmfs1/scratch/hpc/60/oryan/fromMAST/thumbnails/AHZ2000mmg_300_300.png
AHZ2001etp,/mmfs1/scratch/hpc/60/oryan/fromMAST/thumbnails/AHZ2001etp_300_300.png
AHZ2000m61,/mmfs1/scratch/hpc/60/oryan/fromMAST/thumbnails/AHZ2000m61_300_300.png
AHZ2000xs0,/mmfs1/scratch/hpc/60/oryan/fromMAST/thumbnails/AHZ2000xs0_300_300.png
AHZ20013qh,/mmfs1/scratch/hpc/60/oryan/fromMAST/thumbnails/AHZ20013qh_300_300.png
AHZ10002mv,/mmfs1/scratch/hpc/60/oryan/fromMAST/thumbnails/AHZ10002mv_300_300.png
AHZ2001abk,/mmfs1/scratch/hpc/60/oryan/fromMAST/thumbnails/AHZ2001abk_300_300.png
AHZ2000ek9,/mmfs1/scratch/hpc/60/oryan/fromMAST/thumbnails/AHZ2000ek9_300_300.png
AHZ2000ehq,/mmfs1/scratch/hpc/60/oryan/fromMAST/thumbnails/AHZ2000ehq_300_300.png
AHZ400010d,/mmfs1/scratch/hpc/60/oryan/fromMAST/thumbnails/AHZ400010d_300_300.png
AHZ2000ouh,/mmfs1/scratch/hpc/60/oryan/fromMAST/thumbnails/AHZ2000ouh_300_300.png
AHZ40001su,/mmfs1/scratch/hpc/60/oryan/fromMAST/thumbnails/AHZ40001su_300_300.png
AHZ2000o23,/mmfs1/scratch/hpc/60/oryan/fromMAST/thumbnails/AHZ2000o23_300_300.png
AHZ2001i21,/mmfs1/scratch/hpc/60/oryan/fromMAST/thumbnails/AHZ2001i21_300_300.png
AHZ20007ht,/mmfs1/scratch/hpc/60/oryan/fromMAST/thumbnails/AHZ20007ht_300_300.png
AHZ2000vxk,/mmfs1/scratch/hpc/60/oryan/fromMAST/thumbnails/AHZ2000vxk_300_300.png
AHZ2000ewi,/mmfs1/scratch/hpc/60/oryan/fromMAST/thumbnails/AHZ2000ewi_300_300.png
AHZ2001ioq,/mmfs1/scratch/hpc/60/oryan/fromMAST/thumbnails/AHZ2001ioq_300_300.png
AHZ2001582,/mmfs1/scratch/hpc/60/oryan/fromMAST/thumbnails/AHZ2001582_300_300.png
AHZ2000isd,/mmfs1/scratch/hpc/60/oryan/fromMAST/thumbnails/AHZ2000isd_300_300.png
AHZ2000ws4,/mmfs1/scratch/hpc/60/oryan/fromMAST/thumbnails/AHZ2000ws4_300_300.png
AHZ10005c9,/mmfs1/scratch/hpc/60/oryan/fromMAST/thumbnails/AHZ10005c9_300_300.png
AHZ40006oq,/mmfs1/scratch/hpc/60/oryan/fromMAST/thumbnails/AHZ40006oq_300_300.png
AHZ20009ag,/mmfs1/scratch/hpc/60/oryan/fromMAST/thumbnails/AHZ20009ag_300_300.png
AHZ2000wrl,/mmfs1/scratch/hpc/60/oryan/fromMAST/thumbnails/AHZ2000wrl_300_300.png
AHZ20006di,/mmfs1/scratch/hpc/60/oryan/fromMAST/thumbnails/AHZ20006di_300_300.png
AHZ20005d5,/mmfs1/scratch/hpc/60/oryan/fromMAST/thumbnails/AHZ20005d5_300_300.png
AHZ20005ap,/mmfs1/scratch/hpc/60/oryan/fromMAST/thumbnails/AHZ20005ap_300_300.png
AHZ10002i0,/mmfs1/scratch/hpc/60/oryan/fromMAST/thumbnails/AHZ10002i0_300_300.png
AHZ20001ir,/mmfs1/scratch/hpc/60/oryan/fromMAST/thumbnails/AHZ20001ir_300_300.png
AHZ20010uz,/mmfs1/scratch/hpc/60/oryan/fromMAST/thumbnails/AHZ20010uz_300_300.png
AHZ2001nl5,/mmfs1/scratch/hpc/60/oryan/fromMAST/thumbnails/AHZ2001nl5_300_300.png
AHZ2001e6c,/mmfs1/scratch/hpc/60/oryan/fromMAST/thumbnails/AHZ2001e6c_300_300.png
AHZ2001kag,/mmfs1/scratch/hpc/60/oryan/fromMAST/thumbnails/AHZ2001kag_300_300.png
AHZ20013ij,/mmfs1/scratch/hpc/60/oryan/fromMAST/thumbnails/AHZ20013ij_300_300.png
AHZ2001fe8,/mmfs1/scratch/hpc/60/oryan/fromMAST/thumbnails/AHZ2001fe8_300_300.png
AHZ2000tdu,/mmfs1/scratch/hpc/60/oryan/fromMAST/thumbnails/AHZ2000tdu_300_300.png
AHZ2000syh,/mmfs1/scratch/hpc/60/oryan/fromMAST/thumbnails/AHZ2000syh_300_300.png
AHZ2000dhu,/mmfs1/scratch/hpc/60/oryan/fromMAST/thumbnails/AHZ2000dhu_300_300.png
AHZ2000w14,/mmfs1/scratch/hpc/60/oryan/fromMAST/thumbnails/AHZ2000w14_300_300.png
AHZ40001md,/mmfs1/scratch/hpc/60/oryan/fromMAST/thumbnails/AHZ40001md_300_300.png
AHZ2000auq,/mmfs1/scratch/hpc/60/oryan/fromMAST/thumbnails/AHZ2000auq_300_300.png
AHZ2000v49,/mmfs1/scratch/hpc/60/oryan/fromMAST/thumbnails/AHZ2000v49_300_300.png
AHZ2000e19,/mmfs1/scratch/hpc/60/oryan/fromMAST/thumbnails/AHZ2000e19_300_300.png
AHZ200145l,/mmfs1/scratch/hpc/60/oryan/fromMAST/thumbnails/AHZ200145l_300_300.png
AHZ10004li,/mmfs1/scratch/hpc/60/oryan/fromMAST/thumbnails/AHZ10004li_300_300.png
AHZ2001126,/mmfs1/scratch/hpc/60/oryan/fromMAST/thumbnails/AHZ2001126_300_300.png
AHZ100031a,/mmfs1/scratch/hpc/60/oryan/fromMAST/thumbnails/AHZ100031a_300_300.png
AHZ2000qzj,/mmfs1/scratch/hpc/60/oryan/fromMAST/thumbnails/AHZ2000qzj_300_300.png
AHZ20000e1,/mmfs1/scratch/hpc/60/oryan/fromMAST/thumbnails/AHZ20000e1_300_300.png
AHZ2000oxh,/mmfs1/scratch/hpc/60/oryan/fromMAST/thumbnails/AHZ2000oxh_300_300.png
AHZ20001vz,/mmfs1/scratch/hpc/60/oryan/fromMAST/thumbnails/AHZ20001vz_300_300.png
AHZ20018w9,/mmfs1/scratch/hpc/60/oryan/fromMAST/thumbnails/AHZ20018w9_300_300.png
AHZ20006cf,/mmfs1/scratch/hpc/60/oryan/fromMAST/thumbnails/AHZ20006cf_300_300.png
AHZ2000hf7,/mmfs1/scratch/hpc/60/oryan/fromMAST/thumbnails/AHZ2000hf7_300_300.png
AHZ2001c18,/mmfs1/scratch/hpc/60/oryan/fromMAST/thumbnails/AHZ2001c18_300_300.png
AHZ100014m,/mmfs1/scratch/hpc/60/oryan/fromMAST/thumbnails/AHZ100014m_300_300.png
AHZ20009lx,/mmfs1/scratch/hpc/60/oryan/fromMAST/thumbnails/AHZ20009lx_300_300.png
AHZ20007tj,/mmfs1/scratch/hpc/60/oryan/fromMAST/thumbnails/AHZ20007tj_300_300.png
AHZ10000gd,/mmfs1/scratch/hpc/60/oryan/fromMAST/thumbnails/AHZ10000gd_300_300.png
AHZ2001i1p,/mmfs1/scratch/hpc/60/oryan/fromMAST/thumbnails/AHZ2001i1p_300_300.png
AHZ2000ror,/mmfs1/scratch/hpc/60/oryan/fromMAST/thumbnails/AHZ2000ror_300_300.png
AHZ2000bjz,/mmfs1/scratch/hpc/60/oryan/fromMAST/thumbnails/AHZ2000bjz_300_300.png
AHZ2000ssx,/mmfs1/scratch/hpc/60/oryan/fromMAST/thumbnails/AHZ2000ssx_300_300.png
AHZ2001397,/mmfs1/scratch/hpc/60/oryan/fromMAST/thumbnails/AHZ2001397_300_300.png
AHZ20013rg,/mmfs1/scratch/hpc/60/oryan/fromMAST/thumbnails/AHZ20013rg_300_300.png
AHZ2000ek8,/mmfs1/scratch/hpc/60/oryan/fromMAST/thumbnails/AHZ2000ek8_300_300.png
AHZ2000twv,/mmfs1/scratch/hpc/60/oryan/fromMAST/thumbnails/AHZ2000twv_300_300.png
AHZ20012m5,/mmfs1/scratch/hpc/60/oryan/fromMAST/thumbnails/AHZ20012m5_300_300.png
AHZ2000rbu,/mmfs1/scratch/hpc/60/oryan/fromMAST/thumbnails/AHZ2000rbu_300_300.png
AHZ1000125,/mmfs1/scratch/hpc/60/oryan/fromMAST/thumbnails/AHZ1000125_300_300.png
AHZ2000old,/mmfs1/scratch/hpc/60/oryan/fromMAST/thumbnails/AHZ2000old_300_300.png
AHZ20012w8,/mmfs1/scratch/hpc/60/oryan/fromMAST/thumbnails/AHZ20012w8_300_300.png
AHZ20016pc,/mmfs1/scratch/hpc/60/oryan/fromMAST/thumbnails/AHZ20016pc_300_300.png
AHZ200112r,/mmfs1/scratch/hpc/60/oryan/fromMAST/thumbnails/AHZ200112r_300_300.png
AHZ10002j7,/mmfs1/scratch/hpc/60/oryan/fromMAST/thumbnails/AHZ10002j7_300_300.png
AHZ20007n2,/mmfs1/scratch/hpc/60/oryan/fromMAST/thumbnails/AHZ20007n2_300_300.png
AHZ2000q0u,/mmfs1/scratch/hpc/60/oryan/fromMAST/thumbnails/AHZ2000q0u_300_300.png
AHZ20019ne,/mmfs1/scratch/hpc/60/oryan/fromMAST/thumbnails/AHZ20019ne_300_300.png
AHZ2000eui,/mmfs1/scratch/hpc/60/oryan/fromMAST/thumbnails/AHZ2000eui_300_300.png
AHZ20003f7,/mmfs1/scratch/hpc/60/oryan/fromMAST/thumbnails/AHZ20003f7_300_300.png
AHZ10005ot,/mmfs1/scratch/hpc/60/oryan/fromMAST/thumbnails/AHZ10005ot_300_300.png
AHZ20017tp,/mmfs1/scratch/hpc/60/oryan/fromMAST/thumbnails/AHZ20017tp_300_300.png
AHZ2001dzq,/mmfs1/scratch/hpc/60/oryan/fromMAST/thumbnails/AHZ2001dzq_300_300.png
AHZ2000coy,/mmfs1/scratch/hpc/60/oryan/fromMAST/thumbnails/AHZ2000coy_300_300.png
AHZ10002zi,/mmfs1/scratch/hpc/60/oryan/fromMAST/thumbnails/AHZ10002zi_300_300.png
AHZ20005eu,/mmfs1/scratch/hpc/60/oryan/fromMAST/thumbnails/AHZ20005eu_300_300.png
AHZ2000toj,/mmfs1/scratch/hpc/60/oryan/fromMAST/thumbnails/AHZ2000toj_300_300.png
AHZ2000z4a,/mmfs1/scratch/hpc/60/oryan/fromMAST/thumbnails/AHZ2000z4a_300_300.png
AHZ2000uc1,/mmfs1/scratch/hpc/60/oryan/fromMAST/thumbnails/AHZ2000uc1_300_300.png
AHZ2001il7,/mmfs1/scratch/hpc/60/oryan/fromMAST/thumbnails/AHZ2001il7_300_300.png
AHZ2000bb3,/mmfs1/scratch/hpc/60/oryan/fromMAST/thumbnails/AHZ2000bb3_300_300.png
AHZ2001e04,/mmfs1/scratch/hpc/60/oryan/fromMAST/thumbnails/AHZ2001e04_300_300.png
AHZ20014vg,/mmfs1/scratch/hpc/60/oryan/fromMAST/thumbnails/AHZ20014vg_300_300.png
AHZ20019c0,/mmfs1/scratch/hpc/60/oryan/fromMAST/thumbnails/AHZ20019c0_300_300.png
AHZ2001n1g,/mmfs1/scratch/hpc/60/oryan/fromMAST/thumbnails/AHZ2001n1g_300_300.png
AHZ20002sp,/mmfs1/scratch/hpc/60/oryan/fromMAST/thumbnails/AHZ20002sp_300_300.png
AHZ10004y7,/mmfs1/scratch/hpc/60/oryan/fromMAST/thumbnails/AHZ10004y7_300_300.png
AHZ2001g9a,/mmfs1/scratch/hpc/60/oryan/fromMAST/thumbnails/AHZ2001g9a_300_300.png
AHZ2001e6s,/mmfs1/scratch/hpc/60/oryan/fromMAST/thumbnails/AHZ2001e6s_300_300.png
AHZ2000bs3,/mmfs1/scratch/hpc/60/oryan/fromMAST/thumbnails/AHZ2000bs3_300_300.png
AHZ2000o0s,/mmfs1/scratch/hpc/60/oryan/fromMAST/thumbnails/AHZ2000o0s_300_300.png
AHZ20019kf,/mmfs1/scratch/hpc/60/oryan/fromMAST/thumbnails/AHZ20019kf_300_300.png
AHZ20008cv,/mmfs1/scratch/hpc/60/oryan/fromMAST/thumbnails/AHZ20008cv_300_300.png
AHZ2000it8,/mmfs1/scratch/hpc/60/oryan/fromMAST/thumbnails/AHZ2000it8_300_300.png
AHZ20011fw,/mmfs1/scratch/hpc/60/oryan/fromMAST/thumbnails/AHZ20011fw_300_300.png
AHZ2001i5d,/mmfs1/scratch/hpc/60/oryan/fromMAST/thumbnails/AHZ2001i5d_300_300.png
AHZ2000ria,/mmfs1/scratch/hpc/60/oryan/fromMAST/thumbnails/AHZ2000ria_300_300.png
AHZ2000h6c,/mmfs1/scratch/hpc/60/oryan/fromMAST/thumbnails/AHZ2000h6c_300_300.png
AHZ2001n18,/mmfs1/scratch/hpc/60/oryan/fromMAST/thumbnails/AHZ2001n18_300_300.png
AHZ2000j9n,/mmfs1/scratch/hpc/60/oryan/fromMAST/thumbnails/AHZ2000j9n_300_300.png
AHZ200056n,/mmfs1/scratch/hpc/60/oryan/fromMAST/thumbnails/AHZ200056n_300_300.png
AHZ20013k2,/mmfs1/scratch/hpc/60/oryan/fromMAST/thumbnails/AHZ20013k2_300_300.png
AHZ2001fdr,/mmfs1/scratch/hpc/60/oryan/fromMAST/thumbnails/AHZ2001fdr_300_300.png
AHZ2000d62,/mmfs1/scratch/hpc/60/oryan/fromMAST/thumbnails/AHZ2000d62_300_300.png
AHZ20014x5,/mmfs1/scratch/hpc/60/oryan/fromMAST/thumbnails/AHZ20014x5_300_300.png
AHZ40004jr,/mmfs1/scratch/hpc/60/oryan/fromMAST/thumbnails/AHZ40004jr_300_300.png
AHZ2000vi7,/mmfs1/scratch/hpc/60/oryan/fromMAST/thumbnails/AHZ2000vi7_300_300.png
AHZ2001gs4,/mmfs1/scratch/hpc/60/oryan/fromMAST/thumbnails/AHZ2001gs4_300_300.png
AHZ2000ko2,/mmfs1/scratch/hpc/60/oryan/fromMAST/thumbnails/AHZ2000ko2_300_300.png
AHZ2000wz8,/mmfs1/scratch/hpc/60/oryan/fromMAST/thumbnails/AHZ2000wz8_300_300.png
AHZ2001nea,/mmfs1/scratch/hpc/60/oryan/fromMAST/thumbnails/AHZ2001nea_300_300.png
AHZ2000ntz,/mmfs1/scratch/hpc/60/oryan/fromMAST/thumbnails/AHZ2000ntz_300_300.png
AHZ2000u3r,/mmfs1/scratch/hpc/60/oryan/fromMAST/thumbnails/AHZ2000u3r_300_300.png
AHZ20012oo,/mmfs1/scratch/hpc/60/oryan/fromMAST/thumbnails/AHZ20012oo_300_300.png
AHZ2000okd,/mmfs1/scratch/hpc/60/oryan/fromMAST/thumbnails/AHZ2000okd_300_300.png
AHZ200185c,/mmfs1/scratch/hpc/60/oryan/fromMAST/thumbnails/AHZ200185c_300_300.png
AHZ20007l6,/mmfs1/scratch/hpc/60/oryan/fromMAST/thumbnails/AHZ20007l6_300_300.png
AHZ20000ek,/mmfs1/scratch/hpc/60/oryan/fromMAST/thumbnails/AHZ20000ek_300_300.png
AHZ20005ir,/mmfs1/scratch/hpc/60/oryan/fromMAST/thumbnails/AHZ20005ir_300_300.png
AHZ2001jsf,/mmfs1/scratch/hpc/60/oryan/fromMAST/thumbnails/AHZ2001jsf_300_300.png
AHZ2000w5r,/mmfs1/scratch/hpc/60/oryan/fromMAST/thumbnails/AHZ2000w5r_300_300.png
AHZ2001m6x,/mmfs1/scratch/hpc/60/oryan/fromMAST/thumbnails/AHZ2001m6x_300_300.png
AHZ20017ee,/mmfs1/scratch/hpc/60/oryan/fromMAST/thumbnails/AHZ20017ee_300_300.png
AHZ2001icu,/mmfs1/scratch/hpc/60/oryan/fromMAST/thumbnails/AHZ2001icu_300_300.png
AHZ20015gt,/mmfs1/scratch/hpc/60/oryan/fromMAST/thumbnails/AHZ20015gt_300_300.png
AHZ2001bw8,/mmfs1/scratch/hpc/60/oryan/fromMAST/thumbnails/AHZ2001bw8_300_300.png
AHZ10004cm,/mmfs1/scratch/hpc/60/oryan/fromMAST/thumbnails/AHZ10004cm_300_300.png
AHZ2000ffy,/mmfs1/scratch/hpc/60/oryan/fromMAST/thumbnails/AHZ2000ffy_300_300.png
AHZ200079c,/mmfs1/scratch/hpc/60/oryan/fromMAST/thumbnails/AHZ200079c_300_300.png
AHZ2000phz,/mmfs1/scratch/hpc/60/oryan/fromMAST/thumbnails/AHZ2000phz_300_300.png
AHZ2000393,/mmfs1/scratch/hpc/60/oryan/fromMAST/thumbnails/AHZ2000393_300_300.png
AHZ40000ho,/mmfs1/scratch/hpc/60/oryan/fromMAST/thumbnails/AHZ40000ho_300_300.png
AHZ2001n8l,/mmfs1/scratch/hpc/60/oryan/fromMAST/thumbnails/AHZ2001n8l_300_300.png
AHZ20005p6,/mmfs1/scratch/hpc/60/oryan/fromMAST/thumbnails/AHZ20005p6_300_300.png
AHZ2000r6z,/mmfs1/scratch/hpc/60/oryan/fromMAST/thumbnails/AHZ2000r6z_300_300.png
AHZ10004ty,/mmfs1/scratch/hpc/60/oryan/fromMAST/thumbnails/AHZ10004ty_300_300.png
AHZ400035y,/mmfs1/scratch/hpc/60/oryan/fromMAST/thumbnails/AHZ400035y_300_300.png
AHZ20000hn,/mmfs1/scratch/hpc/60/oryan/fromMAST/thumbnails/AHZ20000hn_300_300.png
AHZ2000zn3,/mmfs1/scratch/hpc/60/oryan/fromMAST/thumbnails/AHZ2000zn3_300_300.png
AHZ100029h,/mmfs1/scratch/hpc/60/oryan/fromMAST/thumbnails/AHZ100029h_300_300.png
AHZ2000h78,/mmfs1/scratch/hpc/60/oryan/fromMAST/thumbnails/AHZ2000h78_300_300.png
AHZ2001kbc,/mmfs1/scratch/hpc/60/oryan/fromMAST/thumbnails/AHZ2001kbc_300_300.png
AHZ2001d8n,/mmfs1/scratch/hpc/60/oryan/fromMAST/thumbnails/AHZ2001d8n_300_300.png
AHZ2000r4o,/mmfs1/scratch/hpc/60/oryan/fromMAST/thumbnails/AHZ2000r4o_300_300.png
AHZ2000a43,/mmfs1/scratch/hpc/60/oryan/fromMAST/thumbnails/AHZ2000a43_300_300.png
AHZ2001ndp,/mmfs1/scratch/hpc/60/oryan/fromMAST/thumbnails/AHZ2001ndp_300_300.png
AHZ2001ifb,/mmfs1/scratch/hpc/60/oryan/fromMAST/thumbnails/AHZ2001ifb_300_300.png
AHZ20007aj,/mmfs1/scratch/hpc/60/oryan/fromMAST/thumbnails/AHZ20007aj_300_300.png
AHZ2000z9m,/mmfs1/scratch/hpc/60/oryan/fromMAST/thumbnails/AHZ2000z9m_300_300.png
AHZ2001hn5,/mmfs1/scratch/hpc/60/oryan/fromMAST/thumbnails/AHZ2001hn5_300_300.png
AHZ2000xli,/mmfs1/scratch/hpc/60/oryan/fromMAST/thumbnails/AHZ2000xli_300_300.png
AHZ2001l95,/mmfs1/scratch/hpc/60/oryan/fromMAST/thumbnails/AHZ2001l95_300_300.png
AHZ2000q2x,/mmfs1/scratch/hpc/60/oryan/fromMAST/thumbnails/AHZ2000q2x_300_300.png
AHZ2000a8x,/mmfs1/scratch/hpc/60/oryan/fromMAST/thumbnails/AHZ2000a8x_300_300.png
AHZ2000e76,/mmfs1/scratch/hpc/60/oryan/fromMAST/thumbnails/AHZ2000e76_300_300.png
AHZ20016ia,/mmfs1/scratch/hpc/60/oryan/fromMAST/thumbnails/AHZ20016ia_300_300.png
