,thumbnail_path,RA,Dec,interacting,update
AHZ10004js,/mmfs1/scratch/hpc/60/oryan/fromMAST/thumbnails/AHZ10004js_300_300.png,215.0013967,52.9553995,1,1
AHZ20000ak,/mmfs1/scratch/hpc/60/oryan/fromMAST/thumbnails/AHZ20000ak_300_300.png,150.3878223,1.5939996,1,0
AHZ20000f7,/mmfs1/scratch/hpc/60/oryan/fromMAST/thumbnails/AHZ20000f7_300_300.png,150.1995598,1.6022006,1,0
AHZ20000gx,/mmfs1/scratch/hpc/60/oryan/fromMAST/thumbnails/AHZ20000gx_300_300.png,150.1786158,1.5852546,1,0
AHZ20000hj,/mmfs1/scratch/hpc/60/oryan/fromMAST/thumbnails/AHZ20000hj_300_300.png,150.1964036,1.6255654,1,0
AHZ20001cd,/mmfs1/scratch/hpc/60/oryan/fromMAST/thumbnails/AHZ20001cd_300_300.png,150.7607271,1.7625126,1,0
AHZ20001zg,/mmfs1/scratch/hpc/60/oryan/fromMAST/thumbnails/AHZ20001zg_300_300.png,150.6845118,1.6877306,1,0
AHZ2000251,/mmfs1/scratch/hpc/60/oryan/fromMAST/thumbnails/AHZ2000251_300_300.png,150.6082768,1.6312019,1,0
AHZ20002al,/mmfs1/scratch/hpc/60/oryan/fromMAST/thumbnails/AHZ20002al_300_300.png,150.5445655,1.7485059,1,0
AHZ20002de,/mmfs1/scratch/hpc/60/oryan/fromMAST/thumbnails/AHZ20002de_300_300.png,150.495085,1.7940585,1,0
AHZ20002f2,/mmfs1/scratch/hpc/60/oryan/fromMAST/thumbnails/AHZ20002f2_300_300.png,150.4065993,1.7936092,1,0
AHZ20002na,/mmfs1/scratch/hpc/60/oryan/fromMAST/thumbnails/AHZ20002na_300_300.png,150.4361571,1.7942803,1,0
AHZ20002ta,/mmfs1/scratch/hpc/60/oryan/fromMAST/thumbnails/AHZ20002ta_300_300.png,150.5233031,1.6557784,1,0
AHZ200032f,/mmfs1/scratch/hpc/60/oryan/fromMAST/thumbnails/AHZ200032f_300_300.png,150.3464012,1.764559,1,0
AHZ20003pg,/mmfs1/scratch/hpc/60/oryan/fromMAST/thumbnails/AHZ20003pg_300_300.png,150.3943444,1.6911124,1,0
AHZ20003s1,/mmfs1/scratch/hpc/60/oryan/fromMAST/thumbnails/AHZ20003s1_300_300.png,150.3077759,1.6769508,1,0
AHZ20003vz,/mmfs1/scratch/hpc/60/oryan/fromMAST/thumbnails/AHZ20003vz_300_300.png,150.3105953,1.6437941,1,0
AHZ2000466,/mmfs1/scratch/hpc/60/oryan/fromMAST/thumbnails/AHZ2000466_300_300.png,150.1683909,1.7862723,1,0
AHZ200048a,/mmfs1/scratch/hpc/60/oryan/fromMAST/thumbnails/AHZ200048a_300_300.png,150.1710892,1.7804891,1,0
AHZ20004ko,/mmfs1/scratch/hpc/60/oryan/fromMAST/thumbnails/AHZ20004ko_300_300.png,150.2008172,1.6577051,1,0
AHZ20004lj,/mmfs1/scratch/hpc/60/oryan/fromMAST/thumbnails/AHZ20004lj_300_300.png,150.2043968,1.7030762,1,0
AHZ20004td,/mmfs1/scratch/hpc/60/oryan/fromMAST/thumbnails/AHZ20004td_300_300.png,150.113773,1.6584876,1,0
AHZ20004ug,/mmfs1/scratch/hpc/60/oryan/fromMAST/thumbnails/AHZ20004ug_300_300.png,150.1383624,1.6499557,1,0
AHZ20004yv,/mmfs1/scratch/hpc/60/oryan/fromMAST/thumbnails/AHZ20004yv_300_300.png,150.135072,1.6910187,1,0
AHZ20004z6,/mmfs1/scratch/hpc/60/oryan/fromMAST/thumbnails/AHZ20004z6_300_300.png,150.1396716,1.6858667,1,0
AHZ2000536,/mmfs1/scratch/hpc/60/oryan/fromMAST/thumbnails/AHZ2000536_300_300.png,150.048177,1.738681,1,0
AHZ20005bp,/mmfs1/scratch/hpc/60/oryan/fromMAST/thumbnails/AHZ20005bp_300_300.png,149.9262733,1.7273012,1,0
AHZ20005my,/mmfs1/scratch/hpc/60/oryan/fromMAST/thumbnails/AHZ20005my_300_300.png,149.981373,1.6935179,1,0
AHZ20005rx,/mmfs1/scratch/hpc/60/oryan/fromMAST/thumbnails/AHZ20005rx_300_300.png,149.9677856,1.6479925,1,0
AHZ20005sn,/mmfs1/scratch/hpc/60/oryan/fromMAST/thumbnails/AHZ20005sn_300_300.png,149.9064215,1.6448544,1,0
AHZ20005w6,/mmfs1/scratch/hpc/60/oryan/fromMAST/thumbnails/AHZ20005w6_300_300.png,149.8637938,1.7652022,1,0
AHZ200062p,/mmfs1/scratch/hpc/60/oryan/fromMAST/thumbnails/AHZ200062p_300_300.png,149.8660355,1.7774379,1,0
AHZ20006e1,/mmfs1/scratch/hpc/60/oryan/fromMAST/thumbnails/AHZ20006e1_300_300.png,149.8442927,1.6665517,1,0
AHZ20006gn,/mmfs1/scratch/hpc/60/oryan/fromMAST/thumbnails/AHZ20006gn_300_300.png,149.8831059,1.6411279,1,0
AHZ20006hx,/mmfs1/scratch/hpc/60/oryan/fromMAST/thumbnails/AHZ20006hx_300_300.png,149.8110381,1.6257447,1,0
AHZ20006ne,/mmfs1/scratch/hpc/60/oryan/fromMAST/thumbnails/AHZ20006ne_300_300.png,149.7684243,1.6491365,1,0
AHZ20006pu,/mmfs1/scratch/hpc/60/oryan/fromMAST/thumbnails/AHZ20006pu_300_300.png,149.7351219,1.6293226,1,0
AHZ20006qm,/mmfs1/scratch/hpc/60/oryan/fromMAST/thumbnails/AHZ20006qm_300_300.png,149.7350357,1.6980693,1,0
AHZ20006st,/mmfs1/scratch/hpc/60/oryan/fromMAST/thumbnails/AHZ20006st_300_300.png,149.6837379,1.7572743,1,0
AHZ20007np,/mmfs1/scratch/hpc/60/oryan/fromMAST/thumbnails/AHZ20007np_300_300.png,149.5301856,1.7650555,1,0
AHZ20007ur,/mmfs1/scratch/hpc/60/oryan/fromMAST/thumbnails/AHZ20007ur_300_300.png,149.4855421,1.7790945,1,0
AHZ20008cn,/mmfs1/scratch/hpc/60/oryan/fromMAST/thumbnails/AHZ20008cn_300_300.png,150.7563956,1.8569192,1,0
AHZ20008hx,/mmfs1/scratch/hpc/60/oryan/fromMAST/thumbnails/AHZ20008hx_300_300.png,150.7005434,1.8872197,1,0
AHZ20008lt,/mmfs1/scratch/hpc/60/oryan/fromMAST/thumbnails/AHZ20008lt_300_300.png,150.6973552,1.937328,1,0
AHZ20008o0,/mmfs1/scratch/hpc/60/oryan/fromMAST/thumbnails/AHZ20008o0_300_300.png,150.58805,1.9325349,1,0
AHZ20008sx,/mmfs1/scratch/hpc/60/oryan/fromMAST/thumbnails/AHZ20008sx_300_300.png,150.621532,1.88032,1,0
AHZ20008t2,/mmfs1/scratch/hpc/60/oryan/fromMAST/thumbnails/AHZ20008t2_300_300.png,150.6035697,1.8794675,1,0
AHZ2000964,/mmfs1/scratch/hpc/60/oryan/fromMAST/thumbnails/AHZ2000964_300_300.png,150.5698029,1.7974802,1,0
AHZ20009ka,/mmfs1/scratch/hpc/60/oryan/fromMAST/thumbnails/AHZ20009ka_300_300.png,150.4320665,1.925837,1,0
AHZ20009sa,/mmfs1/scratch/hpc/60/oryan/fromMAST/thumbnails/AHZ20009sa_300_300.png,150.5037844,1.85459,1,0
AHZ20009uw,/mmfs1/scratch/hpc/60/oryan/fromMAST/thumbnails/AHZ20009uw_300_300.png,150.4824556,1.8318263,1,0
AHZ2000a03,/mmfs1/scratch/hpc/60/oryan/fromMAST/thumbnails/AHZ2000a03_300_300.png,150.562364,1.8324716,1,0
AHZ2000a09,/mmfs1/scratch/hpc/60/oryan/fromMAST/thumbnails/AHZ2000a09_300_300.png,150.5411116,1.8184422,1,1
AHZ2000aaq,/mmfs1/scratch/hpc/60/oryan/fromMAST/thumbnails/AHZ2000aaq_300_300.png,150.4303304,1.8613697,1,0
AHZ2000ae1,/mmfs1/scratch/hpc/60/oryan/fromMAST/thumbnails/AHZ2000ae1_300_300.png,150.3532711,1.9188025,1,0
AHZ2000aj1,/mmfs1/scratch/hpc/60/oryan/fromMAST/thumbnails/AHZ2000aj1_300_300.png,150.342768,1.9041148,1,0
AHZ2000aqh,/mmfs1/scratch/hpc/60/oryan/fromMAST/thumbnails/AHZ2000aqh_300_300.png,150.2643705,1.8876583,1,1
AHZ2000ayr,/mmfs1/scratch/hpc/60/oryan/fromMAST/thumbnails/AHZ2000ayr_300_300.png,150.3654546,1.8101773,1,0
AHZ2000ayx,/mmfs1/scratch/hpc/60/oryan/fromMAST/thumbnails/AHZ2000ayx_300_300.png,150.3705156,1.8084691,1,0
AHZ2000b25,/mmfs1/scratch/hpc/60/oryan/fromMAST/thumbnails/AHZ2000b25_300_300.png,150.2881771,1.8526837,1,0
AHZ2000b48,/mmfs1/scratch/hpc/60/oryan/fromMAST/thumbnails/AHZ2000b48_300_300.png,150.3090565,1.8365017,1,1
AHZ2000blx,/mmfs1/scratch/hpc/60/oryan/fromMAST/thumbnails/AHZ2000blx_300_300.png,150.0934701,1.9033579,1,0
AHZ2000boa,/mmfs1/scratch/hpc/60/oryan/fromMAST/thumbnails/AHZ2000boa_300_300.png,150.1192872,1.8842067,1,0
AHZ2000bqz,/mmfs1/scratch/hpc/60/oryan/fromMAST/thumbnails/AHZ2000bqz_300_300.png,150.1153697,1.9399666,1,0
AHZ2000bsn,/mmfs1/scratch/hpc/60/oryan/fromMAST/thumbnails/AHZ2000bsn_300_300.png,150.2195116,1.8393043,1,0
AHZ2000c4d,/mmfs1/scratch/hpc/60/oryan/fromMAST/thumbnails/AHZ2000c4d_300_300.png,150.1433553,1.8117657,1,0
AHZ2000c67,/mmfs1/scratch/hpc/60/oryan/fromMAST/thumbnails/AHZ2000c67_300_300.png,150.0938007,1.8672288,1,0
AHZ2000caw,/mmfs1/scratch/hpc/60/oryan/fromMAST/thumbnails/AHZ2000caw_300_300.png,150.005957,1.8971755,1,0
AHZ2000d75,/mmfs1/scratch/hpc/60/oryan/fromMAST/thumbnails/AHZ2000d75_300_300.png,149.8279771,1.8818971,1,0
AHZ2000duj,/mmfs1/scratch/hpc/60/oryan/fromMAST/thumbnails/AHZ2000duj_300_300.png,149.727229,1.8622095,1,0
AHZ2000e71,/mmfs1/scratch/hpc/60/oryan/fromMAST/thumbnails/AHZ2000e71_300_300.png,149.6127054,1.9232663,1,0
AHZ2000e7s,/mmfs1/scratch/hpc/60/oryan/fromMAST/thumbnails/AHZ2000e7s_300_300.png,149.5684107,1.9156844,1,0
AHZ2000ejg,/mmfs1/scratch/hpc/60/oryan/fromMAST/thumbnails/AHZ2000ejg_300_300.png,149.6628717,1.8081122,1,0
AHZ2000exb,/mmfs1/scratch/hpc/60/oryan/fromMAST/thumbnails/AHZ2000exb_300_300.png,149.4915119,1.9062445,1,0
AHZ2000fa7,/mmfs1/scratch/hpc/60/oryan/fromMAST/thumbnails/AHZ2000fa7_300_300.png,149.4913733,1.8072058,1,0
AHZ2000fgb,/mmfs1/scratch/hpc/60/oryan/fromMAST/thumbnails/AHZ2000fgb_300_300.png,150.7546664,2.0974028,1,0
AHZ2000fnx,/mmfs1/scratch/hpc/60/oryan/fromMAST/thumbnails/AHZ2000fnx_300_300.png,150.6741246,2.0631889,1,0
AHZ2000g0t,/mmfs1/scratch/hpc/60/oryan/fromMAST/thumbnails/AHZ2000g0t_300_300.png,150.7097341,2.0192983,1,0
AHZ2000g9x,/mmfs1/scratch/hpc/60/oryan/fromMAST/thumbnails/AHZ2000g9x_300_300.png,150.6097613,2.020982,1,0
AHZ2000gn1,/mmfs1/scratch/hpc/60/oryan/fromMAST/thumbnails/AHZ2000gn1_300_300.png,150.5121346,2.0712062,1,0
AHZ2000gwg,/mmfs1/scratch/hpc/60/oryan/fromMAST/thumbnails/AHZ2000gwg_300_300.png,150.4147779,2.0860621,1,0
AHZ2000gze,/mmfs1/scratch/hpc/60/oryan/fromMAST/thumbnails/AHZ2000gze_300_300.png,150.4367967,2.0692159,1,2
AHZ2000hl8,/mmfs1/scratch/hpc/60/oryan/fromMAST/thumbnails/AHZ2000hl8_300_300.png,150.4229168,1.9851539,1,0
AHZ2000hyv,/mmfs1/scratch/hpc/60/oryan/fromMAST/thumbnails/AHZ2000hyv_300_300.png,150.3531716,2.0869454,1,0
AHZ2000i1y,/mmfs1/scratch/hpc/60/oryan/fromMAST/thumbnails/AHZ2000i1y_300_300.png,150.2657637,2.1226055,1,0
AHZ2000i5q,/mmfs1/scratch/hpc/60/oryan/fromMAST/thumbnails/AHZ2000i5q_300_300.png,150.2655879,2.1186704,1,0
AHZ2000iae,/mmfs1/scratch/hpc/60/oryan/fromMAST/thumbnails/AHZ2000iae_300_300.png,150.3691661,2.015037,1,0
AHZ2000ii7,/mmfs1/scratch/hpc/60/oryan/fromMAST/thumbnails/AHZ2000ii7_300_300.png,150.3511748,1.9613031,1,0
AHZ2000ine,/mmfs1/scratch/hpc/60/oryan/fromMAST/thumbnails/AHZ2000ine_300_300.png,150.2442277,2.0013481,1,0
AHZ2000j3b,/mmfs1/scratch/hpc/60/oryan/fromMAST/thumbnails/AHZ2000j3b_300_300.png,150.1500853,2.11827,1,0
AHZ2000jfa,/mmfs1/scratch/hpc/60/oryan/fromMAST/thumbnails/AHZ2000jfa_300_300.png,150.2241815,2.0093907,1,0
AHZ2000jnx,/mmfs1/scratch/hpc/60/oryan/fromMAST/thumbnails/AHZ2000jnx_300_300.png,150.1032624,2.0066868,1,0
AHZ2000jxz,/mmfs1/scratch/hpc/60/oryan/fromMAST/thumbnails/AHZ2000jxz_300_300.png,150.0200146,2.0764677,1,0
AHZ2000jyf,/mmfs1/scratch/hpc/60/oryan/fromMAST/thumbnails/AHZ2000jyf_300_300.png,150.0173877,2.069678,1,0
AHZ2000jza,/mmfs1/scratch/hpc/60/oryan/fromMAST/thumbnails/AHZ2000jza_300_300.png,150.0245903,2.0615889,1,0
AHZ2000kaf,/mmfs1/scratch/hpc/60/oryan/fromMAST/thumbnails/AHZ2000kaf_300_300.png,149.9414105,2.1271922,1,0
AHZ2000kon,/mmfs1/scratch/hpc/60/oryan/fromMAST/thumbnails/AHZ2000kon_300_300.png,149.9493894,2.0286579,1,0
AHZ2000ktp,/mmfs1/scratch/hpc/60/oryan/fromMAST/thumbnails/AHZ2000ktp_300_300.png,149.8739071,2.0608746,1,0
AHZ2000kwd,/mmfs1/scratch/hpc/60/oryan/fromMAST/thumbnails/AHZ2000kwd_300_300.png,149.8932216,2.112965,1,0
AHZ2000kxs,/mmfs1/scratch/hpc/60/oryan/fromMAST/thumbnails/AHZ2000kxs_300_300.png,149.787339,2.0927684,1,0
AHZ2000kyt,/mmfs1/scratch/hpc/60/oryan/fromMAST/thumbnails/AHZ2000kyt_300_300.png,149.7510652,2.0803397,1,2
AHZ2000l0y,/mmfs1/scratch/hpc/60/oryan/fromMAST/thumbnails/AHZ2000l0y_300_300.png,149.7749075,2.1233304,1,0
AHZ2000lcw,/mmfs1/scratch/hpc/60/oryan/fromMAST/thumbnails/AHZ2000lcw_300_300.png,149.764167,2.0119855,1,0
AHZ2000lf2,/mmfs1/scratch/hpc/60/oryan/fromMAST/thumbnails/AHZ2000lf2_300_300.png,149.759041,2.0365588,1,0
AHZ2000lw2,/mmfs1/scratch/hpc/60/oryan/fromMAST/thumbnails/AHZ2000lw2_300_300.png,149.5723605,2.122775,1,0
AHZ2000lwq,/mmfs1/scratch/hpc/60/oryan/fromMAST/thumbnails/AHZ2000lwq_300_300.png,149.5670286,2.0720203,1,0
AHZ2000m5r,/mmfs1/scratch/hpc/60/oryan/fromMAST/thumbnails/AHZ2000m5r_300_300.png,149.6761374,1.9816999,1,0
AHZ2000m8w,/mmfs1/scratch/hpc/60/oryan/fromMAST/thumbnails/AHZ2000m8w_300_300.png,149.6900632,2.0301972,1,0
AHZ2000md6,/mmfs1/scratch/hpc/60/oryan/fromMAST/thumbnails/AHZ2000md6_300_300.png,149.6213975,1.9939136,1,0
AHZ2000meg,/mmfs1/scratch/hpc/60/oryan/fromMAST/thumbnails/AHZ2000meg_300_300.png,149.6359822,1.9803797,1,0
AHZ2000mrw,/mmfs1/scratch/hpc/60/oryan/fromMAST/thumbnails/AHZ2000mrw_300_300.png,149.526005,2.0204957,1,0
AHZ2000muh,/mmfs1/scratch/hpc/60/oryan/fromMAST/thumbnails/AHZ2000muh_300_300.png,149.5040211,2.0009576,1,0
AHZ2000myu,/mmfs1/scratch/hpc/60/oryan/fromMAST/thumbnails/AHZ2000myu_300_300.png,149.4883631,1.9635344,1,0
AHZ2000n71,/mmfs1/scratch/hpc/60/oryan/fromMAST/thumbnails/AHZ2000n71_300_300.png,150.6920543,2.2510058,1,2
AHZ2000nfr,/mmfs1/scratch/hpc/60/oryan/fromMAST/thumbnails/AHZ2000nfr_300_300.png,150.5856859,2.2557097,1,0
AHZ2000nks,/mmfs1/scratch/hpc/60/oryan/fromMAST/thumbnails/AHZ2000nks_300_300.png,150.5989592,2.2834264,1,0
AHZ2000nvy,/mmfs1/scratch/hpc/60/oryan/fromMAST/thumbnails/AHZ2000nvy_300_300.png,150.5679742,2.1738265,1,0
AHZ2000o3z,/mmfs1/scratch/hpc/60/oryan/fromMAST/thumbnails/AHZ2000o3z_300_300.png,150.4982897,2.2731494,1,0
AHZ2000p2o,/mmfs1/scratch/hpc/60/oryan/fromMAST/thumbnails/AHZ2000p2o_300_300.png,150.447071,2.1642209,1,0
AHZ2000p2y,/mmfs1/scratch/hpc/60/oryan/fromMAST/thumbnails/AHZ2000p2y_300_300.png,150.4363952,2.1614383,1,0
AHZ2000p51,/mmfs1/scratch/hpc/60/oryan/fromMAST/thumbnails/AHZ2000p51_300_300.png,150.4128241,2.1459903,1,0
AHZ2000p98,/mmfs1/scratch/hpc/60/oryan/fromMAST/thumbnails/AHZ2000p98_300_300.png,150.3522389,2.2801903,1,0
AHZ2000qhl,/mmfs1/scratch/hpc/60/oryan/fromMAST/thumbnails/AHZ2000qhl_300_300.png,150.1623279,2.2765918,1,0
AHZ2000r17,/mmfs1/scratch/hpc/60/oryan/fromMAST/thumbnails/AHZ2000r17_300_300.png,150.118848,2.1899575,1,0
AHZ2000r26,/mmfs1/scratch/hpc/60/oryan/fromMAST/thumbnails/AHZ2000r26_300_300.png,150.1069589,2.1777941,1,0
AHZ2000scv,/mmfs1/scratch/hpc/60/oryan/fromMAST/thumbnails/AHZ2000scv_300_300.png,149.9745451,2.1260626,1,0
AHZ2000sd3,/mmfs1/scratch/hpc/60/oryan/fromMAST/thumbnails/AHZ2000sd3_300_300.png,149.9390111,2.2023046,1,0
AHZ2000sku,/mmfs1/scratch/hpc/60/oryan/fromMAST/thumbnails/AHZ2000sku_300_300.png,149.8796268,2.228903,1,0
AHZ2000spf,/mmfs1/scratch/hpc/60/oryan/fromMAST/thumbnails/AHZ2000spf_300_300.png,149.7471583,2.2937343,1,0
AHZ2000tri,/mmfs1/scratch/hpc/60/oryan/fromMAST/thumbnails/AHZ2000tri_300_300.png,149.661138,2.2171079,1,0
AHZ2000tsd,/mmfs1/scratch/hpc/60/oryan/fromMAST/thumbnails/AHZ2000tsd_300_300.png,149.6655088,2.2108957,1,0
AHZ2000ugl,/mmfs1/scratch/hpc/60/oryan/fromMAST/thumbnails/AHZ2000ugl_300_300.png,149.5920822,2.2026998,1,0
AHZ2000uij,/mmfs1/scratch/hpc/60/oryan/fromMAST/thumbnails/AHZ2000uij_300_300.png,149.5950075,2.1322664,1,0
AHZ2000uxt,/mmfs1/scratch/hpc/60/oryan/fromMAST/thumbnails/AHZ2000uxt_300_300.png,149.5362279,2.1580128,1,0
AHZ2000v6f,/mmfs1/scratch/hpc/60/oryan/fromMAST/thumbnails/AHZ2000v6f_300_300.png,150.7577929,2.3908266,1,0
AHZ2000vbq,/mmfs1/scratch/hpc/60/oryan/fromMAST/thumbnails/AHZ2000vbq_300_300.png,150.7266779,2.2934023,1,0
AHZ2000vu6,/mmfs1/scratch/hpc/60/oryan/fromMAST/thumbnails/AHZ2000vu6_300_300.png,150.6155612,2.3951274,1,0
AHZ2000w9g,/mmfs1/scratch/hpc/60/oryan/fromMAST/thumbnails/AHZ2000w9g_300_300.png,150.5621092,2.3414086,1,0
AHZ2000wrn,/mmfs1/scratch/hpc/60/oryan/fromMAST/thumbnails/AHZ2000wrn_300_300.png,150.485784,2.444511,1,0
AHZ2000x44,/mmfs1/scratch/hpc/60/oryan/fromMAST/thumbnails/AHZ2000x44_300_300.png,150.5465521,2.3544532,1,0
AHZ2000x8u,/mmfs1/scratch/hpc/60/oryan/fromMAST/thumbnails/AHZ2000x8u_300_300.png,150.5269899,2.3178377,1,0
AHZ2000xcn,/mmfs1/scratch/hpc/60/oryan/fromMAST/thumbnails/AHZ2000xcn_300_300.png,150.3929843,2.3606783,1,0
AHZ2000xcp,/mmfs1/scratch/hpc/60/oryan/fromMAST/thumbnails/AHZ2000xcp_300_300.png,150.4542213,2.3603684,1,0
AHZ2000xgy,/mmfs1/scratch/hpc/60/oryan/fromMAST/thumbnails/AHZ2000xgy_300_300.png,150.4722837,2.3246547,1,0
AHZ2000xmr,/mmfs1/scratch/hpc/60/oryan/fromMAST/thumbnails/AHZ2000xmr_300_300.png,150.3892774,2.4448965,1,0
AHZ2000xuf,/mmfs1/scratch/hpc/60/oryan/fromMAST/thumbnails/AHZ2000xuf_300_300.png,150.3740494,2.3867009,1,0
AHZ2000xy2,/mmfs1/scratch/hpc/60/oryan/fromMAST/thumbnails/AHZ2000xy2_300_300.png,150.2393979,2.4386183,1,0
AHZ2000xy3,/mmfs1/scratch/hpc/60/oryan/fromMAST/thumbnails/AHZ2000xy3_300_300.png,150.2547476,2.438547,1,0
AHZ2000y3y,/mmfs1/scratch/hpc/60/oryan/fromMAST/thumbnails/AHZ2000y3y_300_300.png,150.2420573,2.3980719,1,0
AHZ2000yd3,/mmfs1/scratch/hpc/60/oryan/fromMAST/thumbnails/AHZ2000yd3_300_300.png,150.3939393,2.3176681,1,0
AHZ2000yer,/mmfs1/scratch/hpc/60/oryan/fromMAST/thumbnails/AHZ2000yer_300_300.png,150.3301775,2.3038514,1,0
AHZ2000yg5,/mmfs1/scratch/hpc/60/oryan/fromMAST/thumbnails/AHZ2000yg5_300_300.png,150.3684899,2.3667457,1,0
AHZ2000ynw,/mmfs1/scratch/hpc/60/oryan/fromMAST/thumbnails/AHZ2000ynw_300_300.png,150.2751358,2.312311,1,0
AHZ2000ypi,/mmfs1/scratch/hpc/60/oryan/fromMAST/thumbnails/AHZ2000ypi_300_300.png,150.250178,2.2939589,1,0
AHZ2000yuj,/mmfs1/scratch/hpc/60/oryan/fromMAST/thumbnails/AHZ2000yuj_300_300.png,150.1706964,2.4100588,1,0
AHZ2000yvf,/mmfs1/scratch/hpc/60/oryan/fromMAST/thumbnails/AHZ2000yvf_300_300.png,150.1731153,2.4041984,1,0
AHZ2000zs2,/mmfs1/scratch/hpc/60/oryan/fromMAST/thumbnails/AHZ2000zs2_300_300.png,150.0758083,2.2994317,1,0
AHZ2000zse,/mmfs1/scratch/hpc/60/oryan/fromMAST/thumbnails/AHZ2000zse_300_300.png,150.0684285,2.2978538,1,0
AHZ2000zw3,/mmfs1/scratch/hpc/60/oryan/fromMAST/thumbnails/AHZ2000zw3_300_300.png,150.0364579,2.439321,1,0
AHZ2000zyh,/mmfs1/scratch/hpc/60/oryan/fromMAST/thumbnails/AHZ2000zyh_300_300.png,149.9806023,2.4208038,1,0
AHZ20010ol,/mmfs1/scratch/hpc/60/oryan/fromMAST/thumbnails/AHZ20010ol_300_300.png,150.032559,2.2935919,1,0
AHZ200111y,/mmfs1/scratch/hpc/60/oryan/fromMAST/thumbnails/AHZ200111y_300_300.png,149.8580682,2.4360166,1,0
AHZ200112p,/mmfs1/scratch/hpc/60/oryan/fromMAST/thumbnails/AHZ200112p_300_300.png,149.8229041,2.4283905,1,0
AHZ200115q,/mmfs1/scratch/hpc/60/oryan/fromMAST/thumbnails/AHZ200115q_300_300.png,149.8529118,2.4022955,1,0
AHZ200118s,/mmfs1/scratch/hpc/60/oryan/fromMAST/thumbnails/AHZ200118s_300_300.png,149.8578119,2.3780578,1,0
AHZ20011ax,/mmfs1/scratch/hpc/60/oryan/fromMAST/thumbnails/AHZ20011ax_300_300.png,149.7593076,2.4339695,1,0
AHZ20011eu,/mmfs1/scratch/hpc/60/oryan/fromMAST/thumbnails/AHZ20011eu_300_300.png,149.8057567,2.3995657,1,0
AHZ20011lp,/mmfs1/scratch/hpc/60/oryan/fromMAST/thumbnails/AHZ20011lp_300_300.png,149.8873346,2.3421059,1,0
AHZ2001252,/mmfs1/scratch/hpc/60/oryan/fromMAST/thumbnails/AHZ2001252_300_300.png,149.6568709,2.4336074,1,0
AHZ20013gd,/mmfs1/scratch/hpc/60/oryan/fromMAST/thumbnails/AHZ20013gd_300_300.png,149.5268297,2.4557833,1,0
AHZ20013y0,/mmfs1/scratch/hpc/60/oryan/fromMAST/thumbnails/AHZ20013y0_300_300.png,150.6573804,2.6024254,1,0
AHZ200142p,/mmfs1/scratch/hpc/60/oryan/fromMAST/thumbnails/AHZ200142p_300_300.png,150.6611045,2.5613114,1,0
AHZ20014at,/mmfs1/scratch/hpc/60/oryan/fromMAST/thumbnails/AHZ20014at_300_300.png,150.5685442,2.5720611,1,0
AHZ20014ba,/mmfs1/scratch/hpc/60/oryan/fromMAST/thumbnails/AHZ20014ba_300_300.png,150.6349895,2.5672073,1,0
AHZ20014om,/mmfs1/scratch/hpc/60/oryan/fromMAST/thumbnails/AHZ20014om_300_300.png,150.6372411,2.5206351,1,0
AHZ20014vl,/mmfs1/scratch/hpc/60/oryan/fromMAST/thumbnails/AHZ20014vl_300_300.png,150.6355697,2.4715036,1,0
AHZ20014vp,/mmfs1/scratch/hpc/60/oryan/fromMAST/thumbnails/AHZ20014vp_300_300.png,150.6144924,2.4697888,1,2
AHZ20014xs,/mmfs1/scratch/hpc/60/oryan/fromMAST/thumbnails/AHZ20014xs_300_300.png,150.5856129,2.5416745,1,0
AHZ20014y6,/mmfs1/scratch/hpc/60/oryan/fromMAST/thumbnails/AHZ20014y6_300_300.png,150.6284686,2.5321254,1,0
AHZ20014zx,/mmfs1/scratch/hpc/60/oryan/fromMAST/thumbnails/AHZ20014zx_300_300.png,150.5427237,2.6058892,1,0
AHZ20015hd,/mmfs1/scratch/hpc/60/oryan/fromMAST/thumbnails/AHZ20015hd_300_300.png,150.4586752,2.5607371,1,0
AHZ20015hm,/mmfs1/scratch/hpc/60/oryan/fromMAST/thumbnails/AHZ20015hm_300_300.png,150.4543322,2.5591795,1,0
AHZ20015jp,/mmfs1/scratch/hpc/60/oryan/fromMAST/thumbnails/AHZ20015jp_300_300.png,150.4476804,2.5466157,1,0
AHZ20015ln,/mmfs1/scratch/hpc/60/oryan/fromMAST/thumbnails/AHZ20015ln_300_300.png,150.4820086,2.5248288,1,0
AHZ20015m7,/mmfs1/scratch/hpc/60/oryan/fromMAST/thumbnails/AHZ20015m7_300_300.png,150.5518325,2.5415917,1,0
AHZ20016bg,/mmfs1/scratch/hpc/60/oryan/fromMAST/thumbnails/AHZ20016bg_300_300.png,150.3741165,2.5750016,1,0
AHZ20016db,/mmfs1/scratch/hpc/60/oryan/fromMAST/thumbnails/AHZ20016db_300_300.png,150.3255379,2.6217416,1,2
AHZ200177k,/mmfs1/scratch/hpc/60/oryan/fromMAST/thumbnails/AHZ200177k_300_300.png,150.2664437,2.5369431,1,0
AHZ200178p,/mmfs1/scratch/hpc/60/oryan/fromMAST/thumbnails/AHZ200178p_300_300.png,150.280992,2.4718254,1,0
AHZ20017vs,/mmfs1/scratch/hpc/60/oryan/fromMAST/thumbnails/AHZ20017vs_300_300.png,150.1306924,2.5572467,1,0
AHZ20017xu,/mmfs1/scratch/hpc/60/oryan/fromMAST/thumbnails/AHZ20017xu_300_300.png,150.1154964,2.621114,1,0
AHZ20017zz,/mmfs1/scratch/hpc/60/oryan/fromMAST/thumbnails/AHZ20017zz_300_300.png,150.1665325,2.5216752,1,0
AHZ2001805,/mmfs1/scratch/hpc/60/oryan/fromMAST/thumbnails/AHZ2001805_300_300.png,150.1655035,2.521188,1,0
AHZ20019oa,/mmfs1/scratch/hpc/60/oryan/fromMAST/thumbnails/AHZ20019oa_300_300.png,149.9205661,2.4880996,1,0
AHZ20019u5,/mmfs1/scratch/hpc/60/oryan/fromMAST/thumbnails/AHZ20019u5_300_300.png,149.8435556,2.6064789,1,0
AHZ20019zp,/mmfs1/scratch/hpc/60/oryan/fromMAST/thumbnails/AHZ20019zp_300_300.png,149.8320967,2.5695278,1,0
AHZ2001av9,/mmfs1/scratch/hpc/60/oryan/fromMAST/thumbnails/AHZ2001av9_300_300.png,149.7545478,2.5229452,1,0
AHZ2001b5u,/mmfs1/scratch/hpc/60/oryan/fromMAST/thumbnails/AHZ2001b5u_300_300.png,149.6372563,2.5648857,1,0
AHZ2001bya,/mmfs1/scratch/hpc/60/oryan/fromMAST/thumbnails/AHZ2001bya_300_300.png,149.5332362,2.5451811,1,0
AHZ2001c0k,/mmfs1/scratch/hpc/60/oryan/fromMAST/thumbnails/AHZ2001c0k_300_300.png,149.5224549,2.609265,1,0
AHZ2001crr,/mmfs1/scratch/hpc/60/oryan/fromMAST/thumbnails/AHZ2001crr_300_300.png,150.6745192,2.7517674,1,0
AHZ2001cvw,/mmfs1/scratch/hpc/60/oryan/fromMAST/thumbnails/AHZ2001cvw_300_300.png,150.6654591,2.7186498,1,0
AHZ2001d38,/mmfs1/scratch/hpc/60/oryan/fromMAST/thumbnails/AHZ2001d38_300_300.png,150.6160237,2.7916911,1,0
AHZ2001d4m,/mmfs1/scratch/hpc/60/oryan/fromMAST/thumbnails/AHZ2001d4m_300_300.png,150.6440449,2.7413636,1,0
AHZ2001dzb,/mmfs1/scratch/hpc/60/oryan/fromMAST/thumbnails/AHZ2001dzb_300_300.png,150.5001025,2.7873206,1,0
AHZ2001eb1,/mmfs1/scratch/hpc/60/oryan/fromMAST/thumbnails/AHZ2001eb1_300_300.png,150.4299799,2.7167154,1,0
AHZ2001ech,/mmfs1/scratch/hpc/60/oryan/fromMAST/thumbnails/AHZ2001ech_300_300.png,150.4334265,2.7813795,1,0
AHZ2001elh,/mmfs1/scratch/hpc/60/oryan/fromMAST/thumbnails/AHZ2001elh_300_300.png,150.4797512,2.6366836,1,0
AHZ2001elt,/mmfs1/scratch/hpc/60/oryan/fromMAST/thumbnails/AHZ2001elt_300_300.png,150.5203517,2.6349464,1,0
AHZ2001f42,/mmfs1/scratch/hpc/60/oryan/fromMAST/thumbnails/AHZ2001f42_300_300.png,150.3494112,2.7146404,1,0
AHZ2001f8h,/mmfs1/scratch/hpc/60/oryan/fromMAST/thumbnails/AHZ2001f8h_300_300.png,150.2704302,2.7715414,1,0
AHZ2001fjk,/mmfs1/scratch/hpc/60/oryan/fromMAST/thumbnails/AHZ2001fjk_300_300.png,150.3399197,2.6706977,1,0
AHZ2001fpq,/mmfs1/scratch/hpc/60/oryan/fromMAST/thumbnails/AHZ2001fpq_300_300.png,150.3376086,2.6632042,1,0
AHZ2001fzx,/mmfs1/scratch/hpc/60/oryan/fromMAST/thumbnails/AHZ2001fzx_300_300.png,150.1594041,2.7727466,1,0
AHZ2001g5p,/mmfs1/scratch/hpc/60/oryan/fromMAST/thumbnails/AHZ2001g5p_300_300.png,150.192737,2.7225664,1,0
AHZ2001g8i,/mmfs1/scratch/hpc/60/oryan/fromMAST/thumbnails/AHZ2001g8i_300_300.png,150.1893148,2.7811804,1,0
AHZ2001ghk,/mmfs1/scratch/hpc/60/oryan/fromMAST/thumbnails/AHZ2001ghk_300_300.png,150.080494,2.7805598,1,0
AHZ2001gq6,/mmfs1/scratch/hpc/60/oryan/fromMAST/thumbnails/AHZ2001gq6_300_300.png,150.1735884,2.6262171,1,0
AHZ2001guq,/mmfs1/scratch/hpc/60/oryan/fromMAST/thumbnails/AHZ2001guq_300_300.png,150.1005344,2.6795042,1,0
AHZ2001h9e,/mmfs1/scratch/hpc/60/oryan/fromMAST/thumbnails/AHZ2001h9e_300_300.png,150.0323068,2.7677982,1,0
AHZ2001hke,/mmfs1/scratch/hpc/60/oryan/fromMAST/thumbnails/AHZ2001hke_300_300.png,150.0226779,2.6829853,1,0
AHZ2001hsk,/mmfs1/scratch/hpc/60/oryan/fromMAST/thumbnails/AHZ2001hsk_300_300.png,149.9981979,2.6980573,1,0
AHZ2001i46,/mmfs1/scratch/hpc/60/oryan/fromMAST/thumbnails/AHZ2001i46_300_300.png,149.943858,2.674233,1,0
AHZ2001izu,/mmfs1/scratch/hpc/60/oryan/fromMAST/thumbnails/AHZ2001izu_300_300.png,149.8098095,2.6304519,1,0
AHZ2001joo,/mmfs1/scratch/hpc/60/oryan/fromMAST/thumbnails/AHZ2001joo_300_300.png,149.6466024,2.6962236,1,0
AHZ2001k1l,/mmfs1/scratch/hpc/60/oryan/fromMAST/thumbnails/AHZ2001k1l_300_300.png,149.5566068,2.7181374,1,0
AHZ2001ksi,/mmfs1/scratch/hpc/60/oryan/fromMAST/thumbnails/AHZ2001ksi_300_300.png,150.5281576,2.8257718,1,0
AHZ2001kwv,/mmfs1/scratch/hpc/60/oryan/fromMAST/thumbnails/AHZ2001kwv_300_300.png,150.5008943,2.857477,1,0
AHZ2001kyy,/mmfs1/scratch/hpc/60/oryan/fromMAST/thumbnails/AHZ2001kyy_300_300.png,150.4511039,2.848295,1,0
AHZ2001lf6,/mmfs1/scratch/hpc/60/oryan/fromMAST/thumbnails/AHZ2001lf6_300_300.png,150.2914702,2.8318344,1,0
AHZ2001lhl,/mmfs1/scratch/hpc/60/oryan/fromMAST/thumbnails/AHZ2001lhl_300_300.png,150.2344793,2.8160215,1,0
AHZ2001lm8,/mmfs1/scratch/hpc/60/oryan/fromMAST/thumbnails/AHZ2001lm8_300_300.png,150.2537675,2.8384673,1,0
AHZ2001lns,/mmfs1/scratch/hpc/60/oryan/fromMAST/thumbnails/AHZ2001lns_300_300.png,150.2090994,2.851087,1,0
AHZ2001lqr,/mmfs1/scratch/hpc/60/oryan/fromMAST/thumbnails/AHZ2001lqr_300_300.png,150.1912797,2.8228482,1,0
AHZ2001lwa,/mmfs1/scratch/hpc/60/oryan/fromMAST/thumbnails/AHZ2001lwa_300_300.png,150.1787277,2.8586623,1,0
AHZ2001m11,/mmfs1/scratch/hpc/60/oryan/fromMAST/thumbnails/AHZ2001m11_300_300.png,150.0992865,2.8156618,1,0
AHZ2001m77,/mmfs1/scratch/hpc/60/oryan/fromMAST/thumbnails/AHZ2001m77_300_300.png,150.0599025,2.8567986,1,0
AHZ2001mgm,/mmfs1/scratch/hpc/60/oryan/fromMAST/thumbnails/AHZ2001mgm_300_300.png,149.7940663,2.8827924,1,0
AHZ2001ms1,/mmfs1/scratch/hpc/60/oryan/fromMAST/thumbnails/AHZ2001ms1_300_300.png,149.726098,2.815041,1,0
AHZ2001n4a,/mmfs1/scratch/hpc/60/oryan/fromMAST/thumbnails/AHZ2001n4a_300_300.png,149.6158843,2.8216599,1,0
AHZ2001nay,/mmfs1/scratch/hpc/60/oryan/fromMAST/thumbnails/AHZ2001nay_300_300.png,149.5123123,2.8244396,1,2
AHZ2001nee,/mmfs1/scratch/hpc/60/oryan/fromMAST/thumbnails/AHZ2001nee_300_300.png,149.5436319,2.8571929,1,0
AHZ2001nre,/mmfs1/scratch/hpc/60/oryan/fromMAST/thumbnails/AHZ2001nre_300_300.png,149.6325193,2.1115006,1,0
AHZ2001o2n,/mmfs1/scratch/hpc/60/oryan/fromMAST/thumbnails/AHZ2001o2n_300_300.png,149.7765229,2.3444866,1,0
AHZ2001o8s,/mmfs1/scratch/hpc/60/oryan/fromMAST/thumbnails/AHZ2001o8s_300_300.png,149.6809057,2.4793901,1,0
AHZ2001o9a,/mmfs1/scratch/hpc/60/oryan/fromMAST/thumbnails/AHZ2001o9a_300_300.png,149.6823968,2.4732398,1,0
AHZ2001oa4,/mmfs1/scratch/hpc/60/oryan/fromMAST/thumbnails/AHZ2001oa4_300_300.png,149.5719302,2.5545013,1,0
AHZ2000a0t,/mmfs1/scratch/hpc/60/oryan/fromMAST/thumbnails/AHZ2000a0t_300_300.png,150.5397963,1.8599308,0,0
AHZ20015mi,/mmfs1/scratch/hpc/60/oryan/fromMAST/thumbnails/AHZ20015mi_300_300.png,150.5513051,2.5164624,0,0
AHZ2000x1s,/mmfs1/scratch/hpc/60/oryan/fromMAST/thumbnails/AHZ2000x1s_300_300.png,150.3960066,2.3775469,0,0
AHZ10002hc,/mmfs1/scratch/hpc/60/oryan/fromMAST/thumbnails/AHZ10002hc_300_300.png,214.4793569,52.6369211,0,0
AHZ2000c7x,/mmfs1/scratch/hpc/60/oryan/fromMAST/thumbnails/AHZ2000c7x_300_300.png,150.1329059,1.8592185,0,0
AHZ20017a1,/mmfs1/scratch/hpc/60/oryan/fromMAST/thumbnails/AHZ20017a1_300_300.png,150.2590469,2.4614084,0,0
AHZ40002pn,/mmfs1/scratch/hpc/60/oryan/fromMAST/thumbnails/AHZ40002pn_300_300.png,53.2655657,-27.8672799,0,0
AHZ2000owr,/mmfs1/scratch/hpc/60/oryan/fromMAST/thumbnails/AHZ2000owr_300_300.png,150.4803928,2.1342449,0,0
AHZ2001kpg,/mmfs1/scratch/hpc/60/oryan/fromMAST/thumbnails/AHZ2001kpg_300_300.png,150.6425177,2.838376,0,0
AHZ2000mw7,/mmfs1/scratch/hpc/60/oryan/fromMAST/thumbnails/AHZ2000mw7_300_300.png,149.5244402,1.9883011,0,0
AHZ2000y4e,/mmfs1/scratch/hpc/60/oryan/fromMAST/thumbnails/AHZ2000y4e_300_300.png,150.2767057,2.3952785,0,0
AHZ20009i0,/mmfs1/scratch/hpc/60/oryan/fromMAST/thumbnails/AHZ20009i0_300_300.png,150.4332133,1.9436296,0,0
AHZ20018du,/mmfs1/scratch/hpc/60/oryan/fromMAST/thumbnails/AHZ20018du_300_300.png,150.0635251,2.4981253,0,0
AHZ2000sdk,/mmfs1/scratch/hpc/60/oryan/fromMAST/thumbnails/AHZ2000sdk_300_300.png,149.9053048,2.19898,0,0
AHZ2001i4a,/mmfs1/scratch/hpc/60/oryan/fromMAST/thumbnails/AHZ2001i4a_300_300.png,149.9670073,2.6964005,0,0
AHZ2000wpo,/mmfs1/scratch/hpc/60/oryan/fromMAST/thumbnails/AHZ2000wpo_300_300.png,150.4959198,2.3802313,0,0
AHZ2000n3l,/mmfs1/scratch/hpc/60/oryan/fromMAST/thumbnails/AHZ2000n3l_300_300.png,150.7477731,2.2590585,0,0
AHZ2001e3j,/mmfs1/scratch/hpc/60/oryan/fromMAST/thumbnails/AHZ2001e3j_300_300.png,150.4756281,2.7635918,0,0
AHZ2001j4s,/mmfs1/scratch/hpc/60/oryan/fromMAST/thumbnails/AHZ2001j4s_300_300.png,149.6756743,2.7432794,0,0
AHZ200039r,/mmfs1/scratch/hpc/60/oryan/fromMAST/thumbnails/AHZ200039r_300_300.png,150.2520178,1.7631729,0,0
AHZ20010df,/mmfs1/scratch/hpc/60/oryan/fromMAST/thumbnails/AHZ20010df_300_300.png,149.907487,2.4212812,0,0
AHZ2000kfc,/mmfs1/scratch/hpc/60/oryan/fromMAST/thumbnails/AHZ2000kfc_300_300.png,150.0545696,1.9721772,0,0
AHZ20015s7,/mmfs1/scratch/hpc/60/oryan/fromMAST/thumbnails/AHZ20015s7_300_300.png,150.5162833,2.4729323,0,0
AHZ2000zk3,/mmfs1/scratch/hpc/60/oryan/fromMAST/thumbnails/AHZ2000zk3_300_300.png,150.2234686,2.3071392,0,0
AHZ10004m3,/mmfs1/scratch/hpc/60/oryan/fromMAST/thumbnails/AHZ10004m3_300_300.png,214.8857141,52.9914349,0,0
AHZ20006a7,/mmfs1/scratch/hpc/60/oryan/fromMAST/thumbnails/AHZ20006a7_300_300.png,149.7273447,1.7113083,0,0
AHZ2000w8b,/mmfs1/scratch/hpc/60/oryan/fromMAST/thumbnails/AHZ2000w8b_300_300.png,150.6383815,2.3534593,0,0
AHZ2001k5h,/mmfs1/scratch/hpc/60/oryan/fromMAST/thumbnails/AHZ2001k5h_300_300.png,149.5541492,2.6746982,0,0
AHZ2000vr0,/mmfs1/scratch/hpc/60/oryan/fromMAST/thumbnails/AHZ2000vr0_300_300.png,150.5916931,2.4218757,0,0
AHZ2001fwf,/mmfs1/scratch/hpc/60/oryan/fromMAST/thumbnails/AHZ2001fwf_300_300.png,150.29207,2.6378315,0,0
AHZ200110j,/mmfs1/scratch/hpc/60/oryan/fromMAST/thumbnails/AHZ200110j_300_300.png,149.9519802,2.3129483,0,0
AHZ2000qrq,/mmfs1/scratch/hpc/60/oryan/fromMAST/thumbnails/AHZ2000qrq_300_300.png,150.1639726,2.187362,0,0
AHZ20010tt,/mmfs1/scratch/hpc/60/oryan/fromMAST/thumbnails/AHZ20010tt_300_300.png,149.9503771,2.3382517,0,2
AHZ100057x,/mmfs1/scratch/hpc/60/oryan/fromMAST/thumbnails/AHZ100057x_300_300.png,215.294224,53.0905355,0,0
AHZ2000d9a,/mmfs1/scratch/hpc/60/oryan/fromMAST/thumbnails/AHZ2000d9a_300_300.png,149.7791402,1.9334457,0,0
AHZ2000l2a,/mmfs1/scratch/hpc/60/oryan/fromMAST/thumbnails/AHZ2000l2a_300_300.png,149.7276369,2.1082879,0,0
AHZ200161o,/mmfs1/scratch/hpc/60/oryan/fromMAST/thumbnails/AHZ200161o_300_300.png,150.4270379,2.4849666,0,0
AHZ2000jci,/mmfs1/scratch/hpc/60/oryan/fromMAST/thumbnails/AHZ2000jci_300_300.png,150.0715288,2.1185517,0,0
AHZ20000t1,/mmfs1/scratch/hpc/60/oryan/fromMAST/thumbnails/AHZ20000t1_300_300.png,149.8390256,1.6020029,0,0
AHZ2001d99,/mmfs1/scratch/hpc/60/oryan/fromMAST/thumbnails/AHZ2001d99_300_300.png,150.5901997,2.7308177,0,0
AHZ20003wr,/mmfs1/scratch/hpc/60/oryan/fromMAST/thumbnails/AHZ20003wr_300_300.png,150.2310399,1.7024175,0,0
AHZ20010ri,/mmfs1/scratch/hpc/60/oryan/fromMAST/thumbnails/AHZ20010ri_300_300.png,149.9715657,2.3553743,0,0
AHZ2000t9e,/mmfs1/scratch/hpc/60/oryan/fromMAST/thumbnails/AHZ2000t9e_300_300.png,149.7345084,2.1808626,0,0
AHZ2000j2k,/mmfs1/scratch/hpc/60/oryan/fromMAST/thumbnails/AHZ2000j2k_300_300.png,150.2249996,2.047035,0,0
AHZ2001g20,/mmfs1/scratch/hpc/60/oryan/fromMAST/thumbnails/AHZ2001g20_300_300.png,150.1773789,2.7563324,0,0
AHZ40003mw,/mmfs1/scratch/hpc/60/oryan/fromMAST/thumbnails/AHZ40003mw_300_300.png,53.0089899,-27.7978032,0,0
AHZ2001lro,/mmfs1/scratch/hpc/60/oryan/fromMAST/thumbnails/AHZ2001lro_300_300.png,150.1752562,2.8168657,0,0
AHZ2000i3j,/mmfs1/scratch/hpc/60/oryan/fromMAST/thumbnails/AHZ2000i3j_300_300.png,150.248777,2.0727687,0,0
AHZ2001j55,/mmfs1/scratch/hpc/60/oryan/fromMAST/thumbnails/AHZ2001j55_300_300.png,149.6530901,2.7398486,0,0
AHZ40002qj,/mmfs1/scratch/hpc/60/oryan/fromMAST/thumbnails/AHZ40002qj_300_300.png,53.318519,-27.8807861,0,0
AHZ2000ni2,/mmfs1/scratch/hpc/60/oryan/fromMAST/thumbnails/AHZ2000ni2_300_300.png,150.6147457,2.2310335,0,0
AHZ20003on,/mmfs1/scratch/hpc/60/oryan/fromMAST/thumbnails/AHZ20003on_300_300.png,150.3796221,1.6274288,0,0
AHZ20005ww,/mmfs1/scratch/hpc/60/oryan/fromMAST/thumbnails/AHZ20005ww_300_300.png,149.8913844,1.760722,0,0
AHZ200026q,/mmfs1/scratch/hpc/60/oryan/fromMAST/thumbnails/AHZ200026q_300_300.png,150.6269399,1.6919496,0,0
AHZ2000jt9,/mmfs1/scratch/hpc/60/oryan/fromMAST/thumbnails/AHZ2000jt9_300_300.png,150.0828261,2.0333773,0,0
AHZ2001cl5,/mmfs1/scratch/hpc/60/oryan/fromMAST/thumbnails/AHZ2001cl5_300_300.png,150.731953,2.6588044,0,0
AHZ10002m5,/mmfs1/scratch/hpc/60/oryan/fromMAST/thumbnails/AHZ10002m5_300_300.png,214.7444017,52.7113947,0,0
AHZ2001940,/mmfs1/scratch/hpc/60/oryan/fromMAST/thumbnails/AHZ2001940_300_300.png,149.9607911,2.5588515,0,0
AHZ40004td,/mmfs1/scratch/hpc/60/oryan/fromMAST/thumbnails/AHZ40004td_300_300.png,52.9955325,-27.7330563,0,2
AHZ2000kmf,/mmfs1/scratch/hpc/60/oryan/fromMAST/thumbnails/AHZ2000kmf_300_300.png,149.9511729,1.9789377,0,0
AHZ20015sq,/mmfs1/scratch/hpc/60/oryan/fromMAST/thumbnails/AHZ20015sq_300_300.png,150.5037532,2.467494,0,0
AHZ2001ns8,/mmfs1/scratch/hpc/60/oryan/fromMAST/thumbnails/AHZ2001ns8_300_300.png,149.4774768,2.0545249,0,0
AHZ2000m0u,/mmfs1/scratch/hpc/60/oryan/fromMAST/thumbnails/AHZ2000m0u_300_300.png,149.6170936,2.1195286,0,0
AHZ2001bnv,/mmfs1/scratch/hpc/60/oryan/fromMAST/thumbnails/AHZ2001bnv_300_300.png,149.5726325,2.4843596,0,0
AHZ2001fz4,/mmfs1/scratch/hpc/60/oryan/fromMAST/thumbnails/AHZ2001fz4_300_300.png,150.2468576,2.6265741,0,0
AHZ2000urc,/mmfs1/scratch/hpc/60/oryan/fromMAST/thumbnails/AHZ2000urc_300_300.png,149.5232068,2.2515964,0,0
AHZ2001cz8,/mmfs1/scratch/hpc/60/oryan/fromMAST/thumbnails/AHZ2001cz8_300_300.png,150.6543291,2.7750246,0,0
AHZ2001aps,/mmfs1/scratch/hpc/60/oryan/fromMAST/thumbnails/AHZ2001aps_300_300.png,149.7860366,2.4900143,0,0
AHZ20005r3,/mmfs1/scratch/hpc/60/oryan/fromMAST/thumbnails/AHZ20005r3_300_300.png,149.9015552,1.6554369,0,0
AHZ2000ipc,/mmfs1/scratch/hpc/60/oryan/fromMAST/thumbnails/AHZ2000ipc_300_300.png,150.2711444,1.9868016,0,0
AHZ2000462,/mmfs1/scratch/hpc/60/oryan/fromMAST/thumbnails/AHZ2000462_300_300.png,150.2254579,1.788902,0,0
AHZ2000lbu,/mmfs1/scratch/hpc/60/oryan/fromMAST/thumbnails/AHZ2000lbu_300_300.png,149.7892961,2.0219529,0,0
AHZ2000p3m,/mmfs1/scratch/hpc/60/oryan/fromMAST/thumbnails/AHZ2000p3m_300_300.png,150.4069819,2.1578893,0,0
AHZ2001lzn,/mmfs1/scratch/hpc/60/oryan/fromMAST/thumbnails/AHZ2001lzn_300_300.png,150.0998892,2.8288827,0,0
AHZ2000og2,/mmfs1/scratch/hpc/60/oryan/fromMAST/thumbnails/AHZ2000og2_300_300.png,150.4041373,2.2622464,0,0
AHZ20002e2,/mmfs1/scratch/hpc/60/oryan/fromMAST/thumbnails/AHZ20002e2_300_300.png,150.5123702,1.7463207,0,0
AHZ2000zm0,/mmfs1/scratch/hpc/60/oryan/fromMAST/thumbnails/AHZ2000zm0_300_300.png,150.087451,2.3717183,0,0
AHZ2000e4i,/mmfs1/scratch/hpc/60/oryan/fromMAST/thumbnails/AHZ2000e4i_300_300.png,149.6994096,1.942485,0,0
AHZ2001d2h,/mmfs1/scratch/hpc/60/oryan/fromMAST/thumbnails/AHZ2001d2h_300_300.png,150.5820702,2.7618851,0,0
AHZ2000bvu,/mmfs1/scratch/hpc/60/oryan/fromMAST/thumbnails/AHZ2000bvu_300_300.png,150.2150132,1.8117393,0,0
AHZ2001c7i,/mmfs1/scratch/hpc/60/oryan/fromMAST/thumbnails/AHZ2001c7i_300_300.png,149.4882598,2.5362759,0,0
AHZ2000u0l,/mmfs1/scratch/hpc/60/oryan/fromMAST/thumbnails/AHZ2000u0l_300_300.png,149.6224236,2.2924544,0,0
AHZ2001lqc,/mmfs1/scratch/hpc/60/oryan/fromMAST/thumbnails/AHZ2001lqc_300_300.png,150.2218918,2.8280154,0,0
AHZ20012n8,/mmfs1/scratch/hpc/60/oryan/fromMAST/thumbnails/AHZ20012n8_300_300.png,149.558653,2.4611123,0,0
AHZ10000co,/mmfs1/scratch/hpc/60/oryan/fromMAST/thumbnails/AHZ10000co_300_300.png,214.8162497,52.7292008,0,0
AHZ2000o1p,/mmfs1/scratch/hpc/60/oryan/fromMAST/thumbnails/AHZ2000o1p_300_300.png,150.5639666,2.127169,0,0
AHZ2000p84,/mmfs1/scratch/hpc/60/oryan/fromMAST/thumbnails/AHZ2000p84_300_300.png,150.406734,2.1905717,0,0
AHZ2000o6b,/mmfs1/scratch/hpc/60/oryan/fromMAST/thumbnails/AHZ2000o6b_300_300.png,150.4901325,2.2537919,0,0
AHZ1000316,/mmfs1/scratch/hpc/60/oryan/fromMAST/thumbnails/AHZ1000316_300_300.png,214.8417384,52.7528062,0,0
AHZ20006ad,/mmfs1/scratch/hpc/60/oryan/fromMAST/thumbnails/AHZ20006ad_300_300.png,149.7289906,1.7852625,0,0
AHZ40001ch,/mmfs1/scratch/hpc/60/oryan/fromMAST/thumbnails/AHZ40001ch_300_300.png,53.0032062,-27.9703165,0,0
AHZ2000bve,/mmfs1/scratch/hpc/60/oryan/fromMAST/thumbnails/AHZ2000bve_300_300.png,150.227054,1.814028,0,0
AHZ2000gwm,/mmfs1/scratch/hpc/60/oryan/fromMAST/thumbnails/AHZ2000gwm_300_300.png,150.4616299,2.0850146,0,0
AHZ10004xf,/mmfs1/scratch/hpc/60/oryan/fromMAST/thumbnails/AHZ10004xf_300_300.png,215.1122374,53.0140686,0,0
AHZ2000rtq,/mmfs1/scratch/hpc/60/oryan/fromMAST/thumbnails/AHZ2000rtq_300_300.png,149.959797,2.2126956,0,0
AHZ2000ppe,/mmfs1/scratch/hpc/60/oryan/fromMAST/thumbnails/AHZ2000ppe_300_300.png,150.2890127,2.2937327,0,0
AHZ2000g74,/mmfs1/scratch/hpc/60/oryan/fromMAST/thumbnails/AHZ2000g74_300_300.png,150.7143666,2.0303352,0,0
AHZ20018yf,/mmfs1/scratch/hpc/60/oryan/fromMAST/thumbnails/AHZ20018yf_300_300.png,149.9218809,2.5988852,0,0
AHZ20004ho,/mmfs1/scratch/hpc/60/oryan/fromMAST/thumbnails/AHZ20004ho_300_300.png,150.2027898,1.6760864,0,0
AHZ20002o3,/mmfs1/scratch/hpc/60/oryan/fromMAST/thumbnails/AHZ20002o3_300_300.png,150.4149151,1.7783932,0,0
AHZ2001mtr,/mmfs1/scratch/hpc/60/oryan/fromMAST/thumbnails/AHZ2001mtr_300_300.png,149.7417256,2.7993,0,0
AHZ400009r,/mmfs1/scratch/hpc/60/oryan/fromMAST/thumbnails/AHZ400009r_300_300.png,52.9665463,-28.0341049,0,0
AHZ4000143,/mmfs1/scratch/hpc/60/oryan/fromMAST/thumbnails/AHZ4000143_300_300.png,53.1890167,-27.9362185,0,0
AHZ2000smo,/mmfs1/scratch/hpc/60/oryan/fromMAST/thumbnails/AHZ2000smo_300_300.png,149.8342741,2.2141651,0,0
AHZ2001nq5,/mmfs1/scratch/hpc/60/oryan/fromMAST/thumbnails/AHZ2001nq5_300_300.png,150.030859,2.036848,0,0
AHZ2000qu0,/mmfs1/scratch/hpc/60/oryan/fromMAST/thumbnails/AHZ2000qu0_300_300.png,150.2118176,2.163861,0,0
AHZ2000oqg,/mmfs1/scratch/hpc/60/oryan/fromMAST/thumbnails/AHZ2000oqg_300_300.png,150.4995019,2.1793768,0,0
AHZ2000g3u,/mmfs1/scratch/hpc/60/oryan/fromMAST/thumbnails/AHZ2000g3u_300_300.png,150.7169171,1.9879789,0,0
AHZ20010vq,/mmfs1/scratch/hpc/60/oryan/fromMAST/thumbnails/AHZ20010vq_300_300.png,149.9217722,2.3223317,0,0
AHZ2000zwc,/mmfs1/scratch/hpc/60/oryan/fromMAST/thumbnails/AHZ2000zwc_300_300.png,150.0181469,2.4371759,0,0
AHZ20011a7,/mmfs1/scratch/hpc/60/oryan/fromMAST/thumbnails/AHZ20011a7_300_300.png,149.8136315,2.4470497,0,0
AHZ20010wt,/mmfs1/scratch/hpc/60/oryan/fromMAST/thumbnails/AHZ20010wt_300_300.png,149.9693863,2.3130913,0,0
AHZ2001gq9,/mmfs1/scratch/hpc/60/oryan/fromMAST/thumbnails/AHZ2001gq9_300_300.png,150.1480666,2.6255876,0,0
AHZ2000dli,/mmfs1/scratch/hpc/60/oryan/fromMAST/thumbnails/AHZ2000dli_300_300.png,149.8889978,1.8087217,0,0
AHZ200015a,/mmfs1/scratch/hpc/60/oryan/fromMAST/thumbnails/AHZ200015a_300_300.png,149.5896235,1.6157205,0,0
AHZ20003gh,/mmfs1/scratch/hpc/60/oryan/fromMAST/thumbnails/AHZ20003gh_300_300.png,150.2708557,1.7828595,0,0
AHZ2000ejx,/mmfs1/scratch/hpc/60/oryan/fromMAST/thumbnails/AHZ2000ejx_300_300.png,149.7127961,1.8033618,0,0
AHZ2001fyw,/mmfs1/scratch/hpc/60/oryan/fromMAST/thumbnails/AHZ2001fyw_300_300.png,150.2659338,2.6899022,0,0
AHZ20010zq,/mmfs1/scratch/hpc/60/oryan/fromMAST/thumbnails/AHZ20010zq_300_300.png,149.9765934,2.367582,0,0
AHZ2000k94,/mmfs1/scratch/hpc/60/oryan/fromMAST/thumbnails/AHZ2000k94_300_300.png,149.9278449,2.0559601,0,0
AHZ20008op,/mmfs1/scratch/hpc/60/oryan/fromMAST/thumbnails/AHZ20008op_300_300.png,150.5612486,1.92806,0,0
AHZ2000oe1,/mmfs1/scratch/hpc/60/oryan/fromMAST/thumbnails/AHZ2000oe1_300_300.png,150.5375004,2.2792236,0,0
AHZ2001612,/mmfs1/scratch/hpc/60/oryan/fromMAST/thumbnails/AHZ2001612_300_300.png,150.4315476,2.489043,0,0
AHZ2001m8c,/mmfs1/scratch/hpc/60/oryan/fromMAST/thumbnails/AHZ2001m8c_300_300.png,150.0546976,2.8691445,0,0
AHZ2000wyq,/mmfs1/scratch/hpc/60/oryan/fromMAST/thumbnails/AHZ2000wyq_300_300.png,150.4129851,2.4003552,0,0
AHZ2000sqr,/mmfs1/scratch/hpc/60/oryan/fromMAST/thumbnails/AHZ2000sqr_300_300.png,149.7954413,2.2685092,0,0
AHZ2000e4y,/mmfs1/scratch/hpc/60/oryan/fromMAST/thumbnails/AHZ2000e4y_300_300.png,149.6608891,1.9391231,0,0
AHZ40001io,/mmfs1/scratch/hpc/60/oryan/fromMAST/thumbnails/AHZ40001io_300_300.png,53.2708384,-27.9119195,0,0
AHZ2001evd,/mmfs1/scratch/hpc/60/oryan/fromMAST/thumbnails/AHZ2001evd_300_300.png,150.4437465,2.6289629,0,0
AHZ2001lpy,/mmfs1/scratch/hpc/60/oryan/fromMAST/thumbnails/AHZ2001lpy_300_300.png,150.2003551,2.8298632,0,0
AHZ100007e,/mmfs1/scratch/hpc/60/oryan/fromMAST/thumbnails/AHZ100007e_300_300.png,215.3452261,53.0887228,0,0
AHZ2000pyv,/mmfs1/scratch/hpc/60/oryan/fromMAST/thumbnails/AHZ2000pyv_300_300.png,150.3512045,2.1997533,0,0
AHZ200068o,/mmfs1/scratch/hpc/60/oryan/fromMAST/thumbnails/AHZ200068o_300_300.png,149.7930128,1.7262165,0,0
AHZ2000lmb,/mmfs1/scratch/hpc/60/oryan/fromMAST/thumbnails/AHZ2000lmb_300_300.png,149.6720136,2.084834,0,0
AHZ20007fi,/mmfs1/scratch/hpc/60/oryan/fromMAST/thumbnails/AHZ20007fi_300_300.png,149.7046341,1.6939855,0,0
AHZ2000b7t,/mmfs1/scratch/hpc/60/oryan/fromMAST/thumbnails/AHZ2000b7t_300_300.png,150.2287257,1.8020061,0,0
AHZ20001kl,/mmfs1/scratch/hpc/60/oryan/fromMAST/thumbnails/AHZ20001kl_300_300.png,150.670362,1.7837606,0,0
AHZ2001ccj,/mmfs1/scratch/hpc/60/oryan/fromMAST/thumbnails/AHZ2001ccj_300_300.png,149.4475491,2.4748401,0,0
AHZ2001m0y,/mmfs1/scratch/hpc/60/oryan/fromMAST/thumbnails/AHZ2001m0y_300_300.png,150.0788483,2.816234,0,0
AHZ2000dj0,/mmfs1/scratch/hpc/60/oryan/fromMAST/thumbnails/AHZ2000dj0_300_300.png,149.8149714,1.7918538,0,0
AHZ20019ye,/mmfs1/scratch/hpc/60/oryan/fromMAST/thumbnails/AHZ20019ye_300_300.png,149.8545627,2.5768331,0,0
AHZ40000x6,/mmfs1/scratch/hpc/60/oryan/fromMAST/thumbnails/AHZ40000x6_300_300.png,53.2888275,-28.0484451,0,0
AHZ2001856,/mmfs1/scratch/hpc/60/oryan/fromMAST/thumbnails/AHZ2001856_300_300.png,150.2204194,2.485367,0,0
AHZ2000qvj,/mmfs1/scratch/hpc/60/oryan/fromMAST/thumbnails/AHZ2000qvj_300_300.png,150.2249605,2.1498546,0,0
AHZ20017am,/mmfs1/scratch/hpc/60/oryan/fromMAST/thumbnails/AHZ20017am_300_300.png,150.2666739,2.5326573,0,0
AHZ2000wye,/mmfs1/scratch/hpc/60/oryan/fromMAST/thumbnails/AHZ2000wye_300_300.png,150.446126,2.4028445,0,0
AHZ100015o,/mmfs1/scratch/hpc/60/oryan/fromMAST/thumbnails/AHZ100015o_300_300.png,214.4103943,52.4761619,0,0
AHZ2000bip,/mmfs1/scratch/hpc/60/oryan/fromMAST/thumbnails/AHZ2000bip_300_300.png,150.1359563,1.9325933,0,0
AHZ2000z3x,/mmfs1/scratch/hpc/60/oryan/fromMAST/thumbnails/AHZ2000z3x_300_300.png,150.0677412,2.4244176,0,0
AHZ2000n3v,/mmfs1/scratch/hpc/60/oryan/fromMAST/thumbnails/AHZ2000n3v_300_300.png,150.740649,2.2480841,0,0
AHZ2000agt,/mmfs1/scratch/hpc/60/oryan/fromMAST/thumbnails/AHZ2000agt_300_300.png,150.3517464,1.8881399,0,0
AHZ20010fm,/mmfs1/scratch/hpc/60/oryan/fromMAST/thumbnails/AHZ20010fm_300_300.png,150.0292916,2.3516869,0,0
AHZ20001tu,/mmfs1/scratch/hpc/60/oryan/fromMAST/thumbnails/AHZ20001tu_300_300.png,150.5641057,1.775915,0,0
AHZ2000ih0,/mmfs1/scratch/hpc/60/oryan/fromMAST/thumbnails/AHZ2000ih0_300_300.png,150.386769,1.9666269,0,0
AHZ2000597,/mmfs1/scratch/hpc/60/oryan/fromMAST/thumbnails/AHZ2000597_300_300.png,149.9402807,1.753776,0,0
AHZ2001g41,/mmfs1/scratch/hpc/60/oryan/fromMAST/thumbnails/AHZ2001g41_300_300.png,150.1480727,2.7367148,0,0
AHZ2000vmm,/mmfs1/scratch/hpc/60/oryan/fromMAST/thumbnails/AHZ2000vmm_300_300.png,150.6640952,2.4410984,0,0
AHZ10000ha,/mmfs1/scratch/hpc/60/oryan/fromMAST/thumbnails/AHZ10000ha_300_300.png,214.3273477,52.4622121,0,0
AHZ2000mmg,/mmfs1/scratch/hpc/60/oryan/fromMAST/thumbnails/AHZ2000mmg_300_300.png,149.49806,2.0605336,0,0
AHZ2001etp,/mmfs1/scratch/hpc/60/oryan/fromMAST/thumbnails/AHZ2001etp_300_300.png,150.4570332,2.6453868,0,0
AHZ2000m61,/mmfs1/scratch/hpc/60/oryan/fromMAST/thumbnails/AHZ2000m61_300_300.png,149.7008119,1.9805771,0,0
AHZ2000xs0,/mmfs1/scratch/hpc/60/oryan/fromMAST/thumbnails/AHZ2000xs0_300_300.png,150.3561394,2.4035481,0,0
AHZ20013qh,/mmfs1/scratch/hpc/60/oryan/fromMAST/thumbnails/AHZ20013qh_300_300.png,149.5160774,2.3583465,0,0
AHZ10002mv,/mmfs1/scratch/hpc/60/oryan/fromMAST/thumbnails/AHZ10002mv_300_300.png,214.7489666,52.702106,0,0
AHZ2001abk,/mmfs1/scratch/hpc/60/oryan/fromMAST/thumbnails/AHZ2001abk_300_300.png,149.801214,2.5483017,0,0
AHZ2000ek9,/mmfs1/scratch/hpc/60/oryan/fromMAST/thumbnails/AHZ2000ek9_300_300.png,149.6913944,1.8006683,0,0
AHZ2000ehq,/mmfs1/scratch/hpc/60/oryan/fromMAST/thumbnails/AHZ2000ehq_300_300.png,149.6780692,1.8261759,0,0
AHZ2000ouh,/mmfs1/scratch/hpc/60/oryan/fromMAST/thumbnails/AHZ2000ouh_300_300.png,150.4991726,2.1451313,0,0
AHZ40001su,/mmfs1/scratch/hpc/60/oryan/fromMAST/thumbnails/AHZ40001su_300_300.png,53.0153031,-27.9839995,0,0
AHZ2000o23,/mmfs1/scratch/hpc/60/oryan/fromMAST/thumbnails/AHZ2000o23_300_300.png,150.5652606,2.2003726,0,0
AHZ2001i21,/mmfs1/scratch/hpc/60/oryan/fromMAST/thumbnails/AHZ2001i21_300_300.png,149.9741942,2.6342397,0,0
AHZ20007ht,/mmfs1/scratch/hpc/60/oryan/fromMAST/thumbnails/AHZ20007ht_300_300.png,149.5653856,1.6670521,0,0
AHZ2000vxk,/mmfs1/scratch/hpc/60/oryan/fromMAST/thumbnails/AHZ2000vxk_300_300.png,150.5995173,2.4528689,0,0
AHZ2000ewi,/mmfs1/scratch/hpc/60/oryan/fromMAST/thumbnails/AHZ2000ewi_300_300.png,149.5575092,1.9139296,0,0
AHZ2001ioq,/mmfs1/scratch/hpc/60/oryan/fromMAST/thumbnails/AHZ2001ioq_300_300.png,149.8519396,2.6590488,0,0
AHZ2001582,/mmfs1/scratch/hpc/60/oryan/fromMAST/thumbnails/AHZ2001582_300_300.png,150.5475762,2.5538009,0,0
AHZ2000isd,/mmfs1/scratch/hpc/60/oryan/fromMAST/thumbnails/AHZ2000isd_300_300.png,150.2939045,1.9609168,0,0
AHZ2000ws4,/mmfs1/scratch/hpc/60/oryan/fromMAST/thumbnails/AHZ2000ws4_300_300.png,150.4671015,2.439958,0,2
AHZ10005c9,/mmfs1/scratch/hpc/60/oryan/fromMAST/thumbnails/AHZ10005c9_300_300.png,215.2171485,53.1134476,0,0
AHZ20009ag,/mmfs1/scratch/hpc/60/oryan/fromMAST/thumbnails/AHZ20009ag_300_300.png,150.4947055,1.936283,0,0
AHZ2000wrl,/mmfs1/scratch/hpc/60/oryan/fromMAST/thumbnails/AHZ2000wrl_300_300.png,150.4836827,2.4449675,0,0
AHZ20006di,/mmfs1/scratch/hpc/60/oryan/fromMAST/thumbnails/AHZ20006di_300_300.png,149.8852291,1.6705559,0,0
AHZ20005d5,/mmfs1/scratch/hpc/60/oryan/fromMAST/thumbnails/AHZ20005d5_300_300.png,149.9208399,1.7823425,0,0
AHZ20005ap,/mmfs1/scratch/hpc/60/oryan/fromMAST/thumbnails/AHZ20005ap_300_300.png,149.9338825,1.7333915,0,0
AHZ10002i0,/mmfs1/scratch/hpc/60/oryan/fromMAST/thumbnails/AHZ10002i0_300_300.png,214.5049593,52.6759811,0,0
AHZ20001ir,/mmfs1/scratch/hpc/60/oryan/fromMAST/thumbnails/AHZ20001ir_300_300.png,150.7107877,1.7208754,0,0
AHZ20010uz,/mmfs1/scratch/hpc/60/oryan/fromMAST/thumbnails/AHZ20010uz_300_300.png,149.8949365,2.329083,0,0
AHZ2001nl5,/mmfs1/scratch/hpc/60/oryan/fromMAST/thumbnails/AHZ2001nl5_300_300.png,150.0845444,1.8856356,0,0
AHZ2001e6c,/mmfs1/scratch/hpc/60/oryan/fromMAST/thumbnails/AHZ2001e6c_300_300.png,150.473195,2.7501853,0,0
AHZ2001kag,/mmfs1/scratch/hpc/60/oryan/fromMAST/thumbnails/AHZ2001kag_300_300.png,149.4852084,2.6273186,0,0
AHZ20013ij,/mmfs1/scratch/hpc/60/oryan/fromMAST/thumbnails/AHZ20013ij_300_300.png,149.5156152,2.4486027,0,0
AHZ2001fe8,/mmfs1/scratch/hpc/60/oryan/fromMAST/thumbnails/AHZ2001fe8_300_300.png,150.3053877,2.786923,0,2
AHZ2000tdu,/mmfs1/scratch/hpc/60/oryan/fromMAST/thumbnails/AHZ2000tdu_300_300.png,149.7831954,2.1476372,0,0
AHZ2000syh,/mmfs1/scratch/hpc/60/oryan/fromMAST/thumbnails/AHZ2000syh_300_300.png,149.7318551,2.286855,0,0
AHZ2001dee,/mmfs1/scratch/hpc/60/oryan/fromMAST/thumbnails/AHZ2001dee_300_300.png,150.6910799,2.6315819,0,0
AHZ2000dhu,/mmfs1/scratch/hpc/60/oryan/fromMAST/thumbnails/AHZ2000dhu_300_300.png,149.8257963,1.8392903,0,0
AHZ2000w14,/mmfs1/scratch/hpc/60/oryan/fromMAST/thumbnails/AHZ2000w14_300_300.png,150.6735195,2.3233242,0,0
AHZ40001md,/mmfs1/scratch/hpc/60/oryan/fromMAST/thumbnails/AHZ40001md_300_300.png,53.2452724,-27.9341274,0,0
AHZ2000auq,/mmfs1/scratch/hpc/60/oryan/fromMAST/thumbnails/AHZ2000auq_300_300.png,150.3532462,1.8475913,0,0
AHZ2000v49,/mmfs1/scratch/hpc/60/oryan/fromMAST/thumbnails/AHZ2000v49_300_300.png,150.7540344,2.4125921,0,0
AHZ2000e19,/mmfs1/scratch/hpc/60/oryan/fromMAST/thumbnails/AHZ2000e19_300_300.png,149.7244343,1.8970644,0,0
AHZ200145l,/mmfs1/scratch/hpc/60/oryan/fromMAST/thumbnails/AHZ200145l_300_300.png,150.68346,2.6138942,0,0
AHZ10004li,/mmfs1/scratch/hpc/60/oryan/fromMAST/thumbnails/AHZ10004li_300_300.png,215.0241741,52.9527662,0,0
AHZ2001126,/mmfs1/scratch/hpc/60/oryan/fromMAST/thumbnails/AHZ2001126_300_300.png,149.8939461,2.4340925,0,2
AHZ100031a,/mmfs1/scratch/hpc/60/oryan/fromMAST/thumbnails/AHZ100031a_300_300.png,214.8308773,52.7472088,0,0
AHZ2000qzj,/mmfs1/scratch/hpc/60/oryan/fromMAST/thumbnails/AHZ2000qzj_300_300.png,150.2130052,2.1938077,0,0
AHZ20000e1,/mmfs1/scratch/hpc/60/oryan/fromMAST/thumbnails/AHZ20000e1_300_300.png,150.2912584,1.617178,0,0
AHZ2000oxh,/mmfs1/scratch/hpc/60/oryan/fromMAST/thumbnails/AHZ2000oxh_300_300.png,150.5445656,2.1283568,0,0
AHZ20001vz,/mmfs1/scratch/hpc/60/oryan/fromMAST/thumbnails/AHZ20001vz_300_300.png,150.7039487,1.6606047,0,0
AHZ20018w9,/mmfs1/scratch/hpc/60/oryan/fromMAST/thumbnails/AHZ20018w9_300_300.png,149.9068848,2.6137396,0,0
AHZ20006cf,/mmfs1/scratch/hpc/60/oryan/fromMAST/thumbnails/AHZ20006cf_300_300.png,149.8599729,1.6820335,0,0
AHZ2000hf7,/mmfs1/scratch/hpc/60/oryan/fromMAST/thumbnails/AHZ2000hf7_300_300.png,150.479377,2.0295878,0,0
AHZ2001c18,/mmfs1/scratch/hpc/60/oryan/fromMAST/thumbnails/AHZ2001c18_300_300.png,149.4585439,2.5621515,0,0
AHZ100014m,/mmfs1/scratch/hpc/60/oryan/fromMAST/thumbnails/AHZ100014m_300_300.png,214.3875133,52.4763067,0,0
AHZ20009lx,/mmfs1/scratch/hpc/60/oryan/fromMAST/thumbnails/AHZ20009lx_300_300.png,150.4378413,1.9588131,0,0
AHZ20007tj,/mmfs1/scratch/hpc/60/oryan/fromMAST/thumbnails/AHZ20007tj_300_300.png,149.508506,1.788979,0,0
AHZ10000gd,/mmfs1/scratch/hpc/60/oryan/fromMAST/thumbnails/AHZ10000gd_300_300.png,214.3192532,52.4363044,0,0
AHZ2001i1p,/mmfs1/scratch/hpc/60/oryan/fromMAST/thumbnails/AHZ2001i1p_300_300.png,149.9368209,2.6356935,0,0
AHZ2000ror,/mmfs1/scratch/hpc/60/oryan/fromMAST/thumbnails/AHZ2000ror_300_300.png,149.9176992,2.2480103,0,0
AHZ2000bjz,/mmfs1/scratch/hpc/60/oryan/fromMAST/thumbnails/AHZ2000bjz_300_300.png,150.0838256,1.9210365,0,0
AHZ2000ssx,/mmfs1/scratch/hpc/60/oryan/fromMAST/thumbnails/AHZ2000ssx_300_300.png,149.8073244,2.2488622,0,0
AHZ2001397,/mmfs1/scratch/hpc/60/oryan/fromMAST/thumbnails/AHZ2001397_300_300.png,149.5783763,2.3609292,0,0
AHZ20013rg,/mmfs1/scratch/hpc/60/oryan/fromMAST/thumbnails/AHZ20013rg_300_300.png,149.4676129,2.3418329,0,0
AHZ2000ek8,/mmfs1/scratch/hpc/60/oryan/fromMAST/thumbnails/AHZ2000ek8_300_300.png,149.665168,1.8008605,0,0
AHZ2000twv,/mmfs1/scratch/hpc/60/oryan/fromMAST/thumbnails/AHZ2000twv_300_300.png,149.5781662,2.2439855,0,0
AHZ20012m5,/mmfs1/scratch/hpc/60/oryan/fromMAST/thumbnails/AHZ20012m5_300_300.png,149.560685,2.3940117,0,0
AHZ2000rbu,/mmfs1/scratch/hpc/60/oryan/fromMAST/thumbnails/AHZ2000rbu_300_300.png,150.062155,2.2687993,0,2
AHZ1000125,/mmfs1/scratch/hpc/60/oryan/fromMAST/thumbnails/AHZ1000125_300_300.png,214.4331862,52.4599152,0,0
AHZ2000old,/mmfs1/scratch/hpc/60/oryan/fromMAST/thumbnails/AHZ2000old_300_300.png,150.476242,2.2872096,0,0
AHZ20012w8,/mmfs1/scratch/hpc/60/oryan/fromMAST/thumbnails/AHZ20012w8_300_300.png,149.6940175,2.3107281,0,0
AHZ20016pc,/mmfs1/scratch/hpc/60/oryan/fromMAST/thumbnails/AHZ20016pc_300_300.png,150.2736614,2.6142352,0,0
AHZ200112r,/mmfs1/scratch/hpc/60/oryan/fromMAST/thumbnails/AHZ200112r_300_300.png,149.8923413,2.458198,0,0
AHZ10002j7,/mmfs1/scratch/hpc/60/oryan/fromMAST/thumbnails/AHZ10002j7_300_300.png,214.3989437,52.6322519,0,0
AHZ20007n2,/mmfs1/scratch/hpc/60/oryan/fromMAST/thumbnails/AHZ20007n2_300_300.png,149.5786756,1.6897631,0,0
AHZ2000q0u,/mmfs1/scratch/hpc/60/oryan/fromMAST/thumbnails/AHZ2000q0u_300_300.png,150.2598506,2.1817834,0,0
AHZ20019ne,/mmfs1/scratch/hpc/60/oryan/fromMAST/thumbnails/AHZ20019ne_300_300.png,149.9240476,2.5384388,0,0
AHZ2000eui,/mmfs1/scratch/hpc/60/oryan/fromMAST/thumbnails/AHZ2000eui_300_300.png,149.5259459,1.9304686,0,0
AHZ20003f7,/mmfs1/scratch/hpc/60/oryan/fromMAST/thumbnails/AHZ20003f7_300_300.png,150.279594,1.7167395,0,2
AHZ10005ot,/mmfs1/scratch/hpc/60/oryan/fromMAST/thumbnails/AHZ10005ot_300_300.png,215.2734006,53.1652291,0,0
AHZ20017tp,/mmfs1/scratch/hpc/60/oryan/fromMAST/thumbnails/AHZ20017tp_300_300.png,150.0626203,2.5696205,0,0
AHZ2001dzq,/mmfs1/scratch/hpc/60/oryan/fromMAST/thumbnails/AHZ2001dzq_300_300.png,150.5122592,2.786814,0,0
AHZ2000coy,/mmfs1/scratch/hpc/60/oryan/fromMAST/thumbnails/AHZ2000coy_300_300.png,150.0228991,1.8277187,0,0
AHZ10002zi,/mmfs1/scratch/hpc/60/oryan/fromMAST/thumbnails/AHZ10002zi_300_300.png,214.8700286,52.7643404,0,0
AHZ20005eu,/mmfs1/scratch/hpc/60/oryan/fromMAST/thumbnails/AHZ20005eu_300_300.png,149.9824869,1.6859725,0,0
AHZ2000toj,/mmfs1/scratch/hpc/60/oryan/fromMAST/thumbnails/AHZ2000toj_300_300.png,149.6816949,2.2396099,0,0
AHZ2000z4a,/mmfs1/scratch/hpc/60/oryan/fromMAST/thumbnails/AHZ2000z4a_300_300.png,150.0707583,2.4213056,0,2
AHZ2000uc1,/mmfs1/scratch/hpc/60/oryan/fromMAST/thumbnails/AHZ2000uc1_300_300.png,149.601995,2.1803439,0,0
AHZ2001il7,/mmfs1/scratch/hpc/60/oryan/fromMAST/thumbnails/AHZ2001il7_300_300.png,149.7640936,2.7771543,0,0
AHZ2000bb3,/mmfs1/scratch/hpc/60/oryan/fromMAST/thumbnails/AHZ2000bb3_300_300.png,150.1927437,1.9301627,0,0
AHZ2001e04,/mmfs1/scratch/hpc/60/oryan/fromMAST/thumbnails/AHZ2001e04_300_300.png,150.5308618,2.712087,0,0
AHZ20014vg,/mmfs1/scratch/hpc/60/oryan/fromMAST/thumbnails/AHZ20014vg_300_300.png,150.5984465,2.4727811,0,0
AHZ20019c0,/mmfs1/scratch/hpc/60/oryan/fromMAST/thumbnails/AHZ20019c0_300_300.png,150.0390666,2.4883522,0,0
AHZ2001n1g,/mmfs1/scratch/hpc/60/oryan/fromMAST/thumbnails/AHZ2001n1g_300_300.png,149.6775454,2.8342387,0,0
AHZ20002sp,/mmfs1/scratch/hpc/60/oryan/fromMAST/thumbnails/AHZ20002sp_300_300.png,150.4966996,1.6255593,0,0
AHZ10004y7,/mmfs1/scratch/hpc/60/oryan/fromMAST/thumbnails/AHZ10004y7_300_300.png,215.0531592,53.0214279,0,2
AHZ2001g9a,/mmfs1/scratch/hpc/60/oryan/fromMAST/thumbnails/AHZ2001g9a_300_300.png,150.0883762,2.7666131,0,0
AHZ2001e6s,/mmfs1/scratch/hpc/60/oryan/fromMAST/thumbnails/AHZ2001e6s_300_300.png,150.445563,2.7484577,0,0
AHZ2000bs3,/mmfs1/scratch/hpc/60/oryan/fromMAST/thumbnails/AHZ2000bs3_300_300.png,150.204221,1.8452298,0,0
AHZ2000o0s,/mmfs1/scratch/hpc/60/oryan/fromMAST/thumbnails/AHZ2000o0s_300_300.png,150.6381287,2.1347222,0,0
AHZ20019kf,/mmfs1/scratch/hpc/60/oryan/fromMAST/thumbnails/AHZ20019kf_300_300.png,149.8994567,2.5118496,0,0
AHZ20008cv,/mmfs1/scratch/hpc/60/oryan/fromMAST/thumbnails/AHZ20008cv_300_300.png,150.7867956,1.8546194,0,0
AHZ2000it8,/mmfs1/scratch/hpc/60/oryan/fromMAST/thumbnails/AHZ2000it8_300_300.png,150.2553314,2.0323295,0,0
AHZ20011fw,/mmfs1/scratch/hpc/60/oryan/fromMAST/thumbnails/AHZ20011fw_300_300.png,149.7922708,2.390243,0,0
AHZ2001i5d,/mmfs1/scratch/hpc/60/oryan/fromMAST/thumbnails/AHZ2001i5d_300_300.png,149.8400537,2.7749423,0,0
AHZ2000ria,/mmfs1/scratch/hpc/60/oryan/fromMAST/thumbnails/AHZ2000ria_300_300.png,150.0563503,2.2214021,0,0
AHZ2000h6c,/mmfs1/scratch/hpc/60/oryan/fromMAST/thumbnails/AHZ2000h6c_300_300.png,150.514709,2.0141559,0,0
AHZ2001n18,/mmfs1/scratch/hpc/60/oryan/fromMAST/thumbnails/AHZ2001n18_300_300.png,149.6600172,2.8369821,0,2
AHZ2000j9n,/mmfs1/scratch/hpc/60/oryan/fromMAST/thumbnails/AHZ2000j9n_300_300.png,150.1221599,2.0638905,0,0
AHZ200056n,/mmfs1/scratch/hpc/60/oryan/fromMAST/thumbnails/AHZ200056n_300_300.png,150.0344976,1.7581565,0,0
AHZ20013k2,/mmfs1/scratch/hpc/60/oryan/fromMAST/thumbnails/AHZ20013k2_300_300.png,149.5355126,2.3399319,0,0
AHZ2001fdr,/mmfs1/scratch/hpc/60/oryan/fromMAST/thumbnails/AHZ2001fdr_300_300.png,150.2600545,2.7310348,0,0
AHZ2000d62,/mmfs1/scratch/hpc/60/oryan/fromMAST/thumbnails/AHZ2000d62_300_300.png,149.8614408,1.8920382,0,0
AHZ20014x5,/mmfs1/scratch/hpc/60/oryan/fromMAST/thumbnails/AHZ20014x5_300_300.png,150.56946,2.4619154,0,0
AHZ40004jr,/mmfs1/scratch/hpc/60/oryan/fromMAST/thumbnails/AHZ40004jr_300_300.png,52.9669901,-27.701617,0,0
AHZ2000vi7,/mmfs1/scratch/hpc/60/oryan/fromMAST/thumbnails/AHZ2000vi7_300_300.png,150.7108945,2.399942,0,0
AHZ2000ko2,/mmfs1/scratch/hpc/60/oryan/fromMAST/thumbnails/AHZ2000ko2_300_300.png,149.9070597,2.0343806,0,0
AHZ2000wz8,/mmfs1/scratch/hpc/60/oryan/fromMAST/thumbnails/AHZ2000wz8_300_300.png,150.4147512,2.3964046,0,0
AHZ2001nea,/mmfs1/scratch/hpc/60/oryan/fromMAST/thumbnails/AHZ2001nea_300_300.png,149.5591786,2.8591289,0,0
AHZ2000ntz,/mmfs1/scratch/hpc/60/oryan/fromMAST/thumbnails/AHZ2000ntz_300_300.png,150.5995124,2.1894121,0,0
AHZ2000u3r,/mmfs1/scratch/hpc/60/oryan/fromMAST/thumbnails/AHZ2000u3r_300_300.png,149.6545698,2.1852116,0,0
AHZ20012oo,/mmfs1/scratch/hpc/60/oryan/fromMAST/thumbnails/AHZ20012oo_300_300.png,149.5684502,2.4472939,0,0
AHZ2000okd,/mmfs1/scratch/hpc/60/oryan/fromMAST/thumbnails/AHZ2000okd_300_300.png,150.4118472,2.2256241,0,0
AHZ200185c,/mmfs1/scratch/hpc/60/oryan/fromMAST/thumbnails/AHZ200185c_300_300.png,150.1746652,2.4845063,0,0
AHZ20007l6,/mmfs1/scratch/hpc/60/oryan/fromMAST/thumbnails/AHZ20007l6_300_300.png,149.6225283,1.6911768,0,0
AHZ20000ek,/mmfs1/scratch/hpc/60/oryan/fromMAST/thumbnails/AHZ20000ek_300_300.png,150.2919664,1.6092345,0,0
AHZ20005ir,/mmfs1/scratch/hpc/60/oryan/fromMAST/thumbnails/AHZ20005ir_300_300.png,149.9963903,1.651686,0,0
AHZ2001jsf,/mmfs1/scratch/hpc/60/oryan/fromMAST/thumbnails/AHZ2001jsf_300_300.png,149.6340956,2.6465651,0,0
AHZ2000w5r,/mmfs1/scratch/hpc/60/oryan/fromMAST/thumbnails/AHZ2000w5r_300_300.png,150.7065865,2.3354164,0,0
AHZ2001m6x,/mmfs1/scratch/hpc/60/oryan/fromMAST/thumbnails/AHZ2001m6x_300_300.png,150.0469429,2.8619246,0,0
AHZ20017ee,/mmfs1/scratch/hpc/60/oryan/fromMAST/thumbnails/AHZ20017ee_300_300.png,150.187179,2.592914,0,0
AHZ2001icu,/mmfs1/scratch/hpc/60/oryan/fromMAST/thumbnails/AHZ2001icu_300_300.png,149.8718787,2.7815779,0,0
AHZ20015gt,/mmfs1/scratch/hpc/60/oryan/fromMAST/thumbnails/AHZ20015gt_300_300.png,150.4076655,2.5624646,0,0
AHZ2001bw8,/mmfs1/scratch/hpc/60/oryan/fromMAST/thumbnails/AHZ2001bw8_300_300.png,149.556402,2.5617579,0,0
AHZ10004cm,/mmfs1/scratch/hpc/60/oryan/fromMAST/thumbnails/AHZ10004cm_300_300.png,215.2055625,53.0058093,0,0
AHZ2000ffy,/mmfs1/scratch/hpc/60/oryan/fromMAST/thumbnails/AHZ2000ffy_300_300.png,150.7642926,2.1064266,0,0
AHZ200079c,/mmfs1/scratch/hpc/60/oryan/fromMAST/thumbnails/AHZ200079c_300_300.png,149.7285053,1.6710558,0,0
AHZ2000phz,/mmfs1/scratch/hpc/60/oryan/fromMAST/thumbnails/AHZ2000phz_300_300.png,150.323396,2.2817055,0,0
AHZ2000393,/mmfs1/scratch/hpc/60/oryan/fromMAST/thumbnails/AHZ2000393_300_300.png,150.2647539,1.7683155,0,0
AHZ40000ho,/mmfs1/scratch/hpc/60/oryan/fromMAST/thumbnails/AHZ40000ho_300_300.png,52.9868845,-28.0078403,0,0
AHZ2001n8l,/mmfs1/scratch/hpc/60/oryan/fromMAST/thumbnails/AHZ2001n8l_300_300.png,149.6245872,2.8526615,0,0
AHZ20005p6,/mmfs1/scratch/hpc/60/oryan/fromMAST/thumbnails/AHZ20005p6_300_300.png,149.928946,1.6768869,0,0
AHZ2000r6z,/mmfs1/scratch/hpc/60/oryan/fromMAST/thumbnails/AHZ2000r6z_300_300.png,150.1116232,2.1250329,0,0
AHZ10004ty,/mmfs1/scratch/hpc/60/oryan/fromMAST/thumbnails/AHZ10004ty_300_300.png,215.1385113,53.0147167,0,0
AHZ400035y,/mmfs1/scratch/hpc/60/oryan/fromMAST/thumbnails/AHZ400035y_300_300.png,52.9738992,-27.7909552,0,0
AHZ20000hn,/mmfs1/scratch/hpc/60/oryan/fromMAST/thumbnails/AHZ20000hn_300_300.png,150.178958,1.5780518,0,0
AHZ2000zn3,/mmfs1/scratch/hpc/60/oryan/fromMAST/thumbnails/AHZ2000zn3_300_300.png,150.0743125,2.3383256,0,0
AHZ100029h,/mmfs1/scratch/hpc/60/oryan/fromMAST/thumbnails/AHZ100029h_300_300.png,214.6331722,52.6679892,0,0
AHZ2000h78,/mmfs1/scratch/hpc/60/oryan/fromMAST/thumbnails/AHZ2000h78_300_300.png,150.5119594,2.0072851,0,0
AHZ2000kv8,/mmfs1/scratch/hpc/60/oryan/fromMAST/thumbnails/AHZ2000kv8_300_300.png,149.824313,2.0475222,0,2
AHZ2001kbc,/mmfs1/scratch/hpc/60/oryan/fromMAST/thumbnails/AHZ2001kbc_300_300.png,149.5008275,2.6813917,0,0
AHZ2001d8n,/mmfs1/scratch/hpc/60/oryan/fromMAST/thumbnails/AHZ2001d8n_300_300.png,150.5984814,2.7854811,0,0
AHZ2000y0n,/mmfs1/scratch/hpc/60/oryan/fromMAST/thumbnails/AHZ2000y0n_300_300.png,150.2800004,2.4354163,0,0
AHZ2000r4o,/mmfs1/scratch/hpc/60/oryan/fromMAST/thumbnails/AHZ2000r4o_300_300.png,150.1393283,2.1495461,0,0
AHZ2000a43,/mmfs1/scratch/hpc/60/oryan/fromMAST/thumbnails/AHZ2000a43_300_300.png,150.419194,1.8719732,0,0
AHZ2001ndp,/mmfs1/scratch/hpc/60/oryan/fromMAST/thumbnails/AHZ2001ndp_300_300.png,149.5407456,2.8744998,0,0
AHZ20007aj,/mmfs1/scratch/hpc/60/oryan/fromMAST/thumbnails/AHZ20007aj_300_300.png,149.7042197,1.6542972,0,0
AHZ2000z9m,/mmfs1/scratch/hpc/60/oryan/fromMAST/thumbnails/AHZ2000z9m_300_300.png,150.1426552,2.3814482,0,0
AHZ2001hn5,/mmfs1/scratch/hpc/60/oryan/fromMAST/thumbnails/AHZ2001hn5_300_300.png,149.9988333,2.7043595,0,0
AHZ2000xli,/mmfs1/scratch/hpc/60/oryan/fromMAST/thumbnails/AHZ2000xli_300_300.png,150.4102602,2.3662176,0,0
AHZ2001l95,/mmfs1/scratch/hpc/60/oryan/fromMAST/thumbnails/AHZ2001l95_300_300.png,150.3405424,2.8192006,0,0
AHZ2000a8x,/mmfs1/scratch/hpc/60/oryan/fromMAST/thumbnails/AHZ2000a8x_300_300.png,150.3946942,1.8005816,0,0
AHZ2000e76,/mmfs1/scratch/hpc/60/oryan/fromMAST/thumbnails/AHZ2000e76_300_300.png,149.5870722,1.9199824,0,0
AHZ20016ia,/mmfs1/scratch/hpc/60/oryan/fromMAST/thumbnails/AHZ20016ia_300_300.png,150.2987617,2.5973878,0,0
